Workbook

Sheet MAR.26
A1: S | B1: MAR/26 | E1: UTD JACOBINA | F1: QUADRO ENERG. | L1: PLANO 7 | M1: NÃO ATENDE UC | Q1: PINTAR DATA DE | AD1: PINTAR DE VERDE | AE1: =AE3/4 -> 160.25 | AF1: MÉDIA P/T | AG1: =AE3/12 -> 53.416667 | AH1: =AE3*2480 -> 1589680 | AT1: =AT2/10 -> 184608
A2: Contrato JACOBINA: | B2: 4600086370 | E2: =E3/B3 -> 0 | F2: CARTEIRA 2025 | L2: PLANO 14.4.12.1-LPT | M2: LPT DEFINITIVO - ATENDE UC | Q2: VERDE QUANDO | AD2: QUANDO LIGADOS | AE2: =AE3/B3 -> 16.435897 | AF2: =AF3/AE3 -> 0 | AG2: =AG3/AE3 -> 0 | AT2: =AE3*2880 -> 1846080 | AV2: =AE2*2480 -> 40761.026
A3: QTD. OBRAS | B3: =SUBTOTAL(3,B5:B98) -> 39 | L3: PLANO 14.7.3-LPT | M3: LPT PROVISÓRIO - TEM QUE VALIDAR UC | Q3: CRIADAS | AB3: TOTAIS: | AC3: =SUBTOTAL(9,AC5:AC98) -> 47 | AD3: =SUBTOTAL(9,AD5:AD98) -> 0 | AE3: =SUBTOTAL(9,AE5:AE98) -> 641 | AF3: =SUBTOTAL(9,AF5:AF98) -> 0 | AG3: =SUBTOTAL(9,AG5:AG98) -> 0 | AH3: =SUBTOTAL(9,AH5:AH98) -> 641 | AQ3: MAPA GERAL | AS3: =SUBTOTAL(9,AS5:AS98) -> 11853380 | AT3: =SUBTOTAL(9,AT5:AT98) -> 0 | AV3: =AE3*2480 -> 1589680 | AW3: =SUBTOTAL(9,AW5:AW98) -> 0 | AX3: =SUBTOTAL(9,AX5:AX98) -> 0
A4: NOTA | B4: PEP OBRA | C4: PEP KIT | D4: PEP MED | E4: TÍTULO | F4: MUNICIPIO | G4: STATUS DA OBRA | H4: OBS STATUS | I4: ENCARREGADO | J4: SUPERVISOR | K4: AR COELBA | L4: PLANO INVESTIMENTO | M4: CRITERIO | N4: VISITA PRÉVIA | O4: OBS. VISITA | P4: ANÁLISE PROJETO PRÉ-FECH. | Q4: SOLICITAÇÃO DE RESERVA | R4: DATA SAQUE MATERIAIS | S4: PES LV | T4: VENCIMENTO | U4: PES LM | V4: PES ENERGIZAÇÃO | W4: VENCIMENTO | X4: PES PD | Y4: DATA PD | Z4: STATUS PES PD | AA4: SI PG | AB4: PG's | AC4: CLIENTES PREVISTOS | AD4: QTD. UC'S VALIDADAS LPT | AE4: POSTES PREVISTOS | AF4: CAVA REALIZADA | AG4: POSTES REALIZADO | AH4: POSTES À IMPLANTA | AI4: AVNR | AJ4: AVNP | AK4: INCIO PREVISTO | AL4: FIM PREVISTO | AM4: REPROGRAMAÇÃO FIM | AN4: DATA ENERGIZAÇÃO REAL | AO4: OC DE ENERG. | AP4: PG REFERÊNCIA | AQ4: LATITUDE | AR4: LONGITUDE | AS4: VALOR DE PROJETO | AT4: VALOR DE SERVIÇO | AU4: CÓDIGO EQUIPE | AV4: PROVAVEL ROCHA | AW4: CABO 1B25 | AX4: CABO 3B35 | AY4: OBS | AZ4: AVALIAÇÃO SERVIÇO | BA4: SUBESTAÇÃO ALIMENTADOR | BB4: CHAVE PRINCIPAL | BC4: CHAVE PD | BD4: QTD. UC'S | BE4: VIP | BF4: QTD. H DP | BG4: CHI | BH4: LOCAIS ATINGIDOS | BI4: PG REFERÊNCIA | BJ4: SERVIÇO | BK4: RASCUNHO | BL4: DATA SAQUE MAT. LC | BM4: DATA EXECUÇÃO LC | BN4: TURMA LC | BO4: NÃO ELIMINAR ESTA COLUNA | BP4: NÃO ELIMINAR ESTA COLUNA | BQ4: NÃO ELIMINAR ESTA COLUNA | BR4: PROGRAMAÇÃO LV
A5: 9102043744 | B5: B-1136005 | E5: ER-CIND-FAZ-CANAVIAL-ITALEGRE | F5: BAIXA GRANDE | J5: =VLOOKUP(I5,DADOS!B:F,5,0) -> #N/A | L5: PLANO 14.7.3-LPT | M5: LPT | P5: 46066 | Q5: SOLICITAR | S5: N/A | T5: N/A | U5: N/A | V5: CRIAR | X5: N/A | AB5: E956768 AO E956772 | AC5: 3 | AE5: 5 | AH5: =AE5-AG5 -> 5 | AI5: =IF(OR(AE5=0, ISERR(AG5/AE5)), 0, AG5/AE5) -> 0 | AJ5: 1 | AP5: L432598 | AQ5: -11.961051 | AR5: -40.223323 | AS5: 34194.31 | AU5: =VLOOKUP(I5,DADOS!B:C,2,0) -> #N/A | AV5: =AE5*2480 -> 12400 | BA5: MUN-01N4 | BB5: T15928 | BG5: =BD5*BF5 -> 0 | BI5: L432598 | BJ5: ENCABEÇAR RD BT NO PG: L432598 E ENERGIZAR OBRA. | BK5: .
A6: 9101791472 | B6: B-1246148 | E6: RR-CIND-POV-BARRO VERMELHO-RURAL | F6: BAIXA GRANDE | J6: =VLOOKUP(I6,DADOS!B:F,5,0) -> #N/A | L6: PLANO 7 | M6: QLP | P6: 46070 | Q6: SOLICITAR | S6: CRIAR | U6: N/A | V6: CRIAR | X6: N/A | AA6: 1050244 | AB6: E974759 AO E974764/ E957969 AO E957972 | AC6: 1 | AE6: 10 | AH6: =AE6-AG6 -> 10 | AI6: =IF(OR(AE6=0, ISERR(AG6/AE6)), 0, AG6/AE6) -> 0 | AJ6: 1 | AP6: L434970 | AQ6: -11.976232 | AR6: -40.144518 | AS6: 73660.25 | AU6: =VLOOKUP(I6,DADOS!B:C,2,0) -> #N/A | AV6: =AE6*2480 -> 24800 | BA6: MUN-01N4 | BB6: H76119 | BG6: =BD6*BF6 -> 0 | BI6: L434970 | BJ6: INTERCALAR POSTE AT COM N1-3 ENTRE OS PG: L434970 - L434969, FECHAR CHAVE NOVA PRÓXIMO AO PG: L434970 E ENERGIZAR OBRA. | BK6: .
A7: 9102367761 | B7: B-1243250 | E7: ER-CIND-POV-CONCEICAO-CONCEICAO | F7: BAIXA GRANDE | J7: =VLOOKUP(I7,DADOS!B:F,5,0) -> #N/A | L7: PLANO 7 | M7: QLP | P7: 46064 | Q7: SOLICITAR | S7: CRIAR | U7: N/A | V7: CRIAR | X7: N/A | AB7: E956763 | AC7: 1 | AE7: 1 | AH7: =AE7-AG7 -> 1 | AI7: =IF(OR(AE7=0, ISERR(AG7/AE7)), 0, AG7/AE7) -> 0 | AJ7: 1 | AP7: D217416 | AQ7: -11.999163 | AR7: -40.121585 | AS7: 9994.23 | AU7: =VLOOKUP(I7,DADOS!B:C,2,0) -> #N/A | AV7: =AE7*2480 -> 2480 | BA7: MUN-01N4 | BB7: H80951 | BG7: =BD7*BF7 -> 0 | BI7: D217416 | BJ7: INTERCALAR POSTE AT COM N1 E TRAFO ENTRE OS PG: D217416 - D217415, FECHAR CHAVE NOVA PRÓXIMO AO PG: D217416 E ENERGIZAR OBRA. | BK7: .
A8: 9102126615 | B8: B-1161434 | E8: ER-CIND-FAZ-GENIPAPO-RURAL-BAIXA GRANDE | F8: BAIXA GRANDE | G8: RETIRADA DA CARTEIRA | H8: EM EXECUÇÃO DA CARTEIRA DE FEV/26. | J8: =VLOOKUP(I8,DADOS!B:F,5,0) -> #N/A | L8: PLANO 7 | M8: OUTROS | AC8: 0 | AE8: 12 | AH8: =AE8-AG8 -> 12 | AI8: =IF(OR(AE8=0, ISERR(AG8/AE8)), 0, AG8/AE8) -> 0 | AJ8: 1 | AS8: 5210.84 | AU8: =VLOOKUP(I8,DADOS!B:C,2,0) -> #N/A | AV8: =AE8*2480 -> 29760 | BG8: =BD8*BF8 -> 0 | BK8: .
A9: 9102344570 | B9: B-1238225 | C9: N/A | D9: N/A | E9: AL-MCM-01J5-CONSTR-ETAPA-1 | F9: MIGUEL CALMON | H9: OBRA AINDA SEM CARTEIRA DEFINIDA PROJETO REVISADO. CAMINHAMENTO EM CIRCUITO DUPLO. | J9: =VLOOKUP(I9,DADOS!B:F,5,0) -> #N/A | K9: NAILTON SANTANA PEREIRA FILHO - U344575 | L9: PLANO 1.2 | M9: AL/MELHORAMENTO | S9: CRIAR | V9: AGUARDANDO ANÁLISE | AA9: 1048504 | AB9: E958210 AO E958269 | AC9: 0 | AD9: 0 | AE9: =59-47 -> 12 | AH9: =AE9-AG9 -> 12 | AI9: =IF(OR(AE9=0, ISERR(AG9/AE9)), 0, AG9/AE9) -> 0 | AJ9: 0.7 | AP9: B355964 | AQ9: -11.403443 | AR9: -40.595049 | AS9: 835606.76 | AU9: =VLOOKUP(I9,DADOS!B:C,2,0) -> #N/A | AV9: =AE9*2480 -> 29760 | BA9: MCM-01J4 | BB9: G12584 | BG9: =BD9*BF9 -> 0 | BI9: B355964 | BK9: .
A10: 9102344571 | B10: B-1237604 | C10: N/A | D10: N/A | E10: AL-MCM-01J5-CONSTR-ETAPA-2 | F10: MIGUEL CALMON | H10: OBRA AINDA SEM CARTEIRA DEFINIDA | J10: =VLOOKUP(I10,DADOS!B:F,5,0) -> #N/A | K10: NAILTON SANTANA PEREIRA FILHO - U344575 | L10: PLANO 1.2 | M10: AL/MELHORAMENTO | P10: 46063 | Q10: SOLICITAR | S10: CRIAR | U10: N/A | V10: CRIAR | X10: CRIAR | AA10: 1048504 | AB10: E958270 AO E958379 | AC10: 0 | AD10: 0 | AE10: =107-1 -> 106 | AH10: =AE10-AG10 -> 106 | AI10: =IF(OR(AE10=0, ISERR(AG10/AE10)), 0, AG10/AE10) -> 0 | AJ10: 0.8 | AP10: R036999 | AQ10: -11.339545 | AR10: -40.609709 | AS10: 959254.78 | AU10: =VLOOKUP(I10,DADOS!B:C,2,0) -> #N/A | AV10: =AE10*2480 -> 262880 | BA10: MCM-01J4 | BB10: G12561 | BG10: =BD10*BF10 -> 0 | BI10: R034898 | BK10: .
A11: 9100619322 | B11: B-0649462 | E11: ME - ADF. POV. MAXIXE | F11: MIGUEL CALMON | J11: =VLOOKUP(I11,DADOS!B:F,5,0) -> #N/A | L11: PLANO 7 | M11: QLP | P11: 46065 | Q11: SOLICITAR | S11: CRIAR | U11: N/A | V11: =X11 -> CRIAR | X11: CRIAR | AC11: 0 | AE11: 1 | AH11: =AE11-AG11 -> 1 | AI11: =IF(OR(AE11=0, ISERR(AG11/AE11)), 0, AG11/AE11) -> 0 | AJ11: 1 | AP11: R032902 | AQ11: -11.470889 | AR11: -40.735028 | AS11: 13857.88 | AU11: =VLOOKUP(I11,DADOS!B:C,2,0) -> #N/A | AV11: =AE11*2480 -> 2480 | BA11: MCM-01J3 | BB11: J08303 | BG11: =BD11*BF11 -> 0 | BI11: R032902 | BJ11: ADICIONAR FASE DO PG: R032902 AO R031899, INTERCALAR PT AT C/ N4 CFU ENTRE OS PG: R031909 - E ENERGIZAR OBRA. | BK11: 2026-23653
A12: 9101196119 | B12: B-0879015 | E12: MP-CIND-POV LAGOA GRANDE-RURAL-MGC | F12: MIGUEL CALMON | G12: CANCELADA | H12: OBRA JÁ EXECUTADA ATRAVÉS DO PROJETO Y-0982612 - MP - CCOL - POV. LAGOA GRANDE - RURAL - MIGUEL CALMON LAUDO DE CANCELAMENTO NO GEOEB | J12: =VLOOKUP(I12,DADOS!B:F,5,0) -> #N/A | L12: PLANO 14.4.12.1-LPT | M12: AIC AUDITORIA | AC12: 1 | AE12: 9 | AH12: =AE12-AG12 -> 9 | AI12: =IF(OR(AE12=0, ISERR(AG12/AE12)), 0, AG12/AE12) -> 0 | AJ12: 1 | AS12: 33926.81 | AU12: =VLOOKUP(I12,DADOS!B:C,2,0) -> #N/A | AV12: =AE12*2480 -> 22320 | BG12: =BD12*BF12 -> 0 | BK12: .
A13: 9101982739 | B13: B-1115207 | E13: AC-CIND-POV-MOCAMBO | F13: MIGUEL CALMON | G13: RETIRADA DA CARTEIRA | H13: RETIRADA DA CARTEIRA PELA COELBA - FALTA DE MATERIAIS REGULARIZAÇÃO DE MEDIDOR AO TEMPO | J13: =VLOOKUP(I13,DADOS!B:F,5,0) -> #N/A | L13: PLANO 7 | M13: QLP | S13: CRIAR | U13: N/A | V13: CRIAR | X13: N/A | AC13: 4 | AE13: 1 | AH13: =AE13-AG13 -> 1 | AI13: =IF(OR(AE13=0, ISERR(AG13/AE13)), 0, AG13/AE13) -> 0 | AJ13: 1 | AP13: R030542 | AQ13: -11.2871714 | AR13: -40.8255382 | AS13: 20973.08 | AU13: =VLOOKUP(I13,DADOS!B:C,2,0) -> #N/A | AV13: =AE13*2480 -> 2480 | BG13: =BD13*BF13 -> 0 | BK13: .
A14: 9102140924 | B14: B-1176892 | E14: AC-CIND-POV-CAMPO DA SILVA -RURAL | F14: MIGUEL CALMON | H14: REGULARIZAÇÃO DE MEDIDOR AO TEMPO | J14: =VLOOKUP(I14,DADOS!B:F,5,0) -> #N/A | L14: PLANO 7 | M14: QLP | P14: 46065 | Q14: SOLICITAR | S14: N/A | T14: N/A | U14: N/A | V14: CRIAR | X14: N/A | AB14: E956764 e E956765 | AC14: 1 | AE14: 2 | AH14: =AE14-AG14 -> 2 | AI14: =IF(OR(AE14=0, ISERR(AG14/AE14)), 0, AG14/AE14) -> 0 | AJ14: 1 | AP14: B539332 | AQ14: -11.427130 | AR14: -40.503445 | AS14: 16832.17 | AU14: =VLOOKUP(I14,DADOS!B:C,2,0) -> #N/A | AV14: =AE14*2480 -> 4960 | BA14: MCM-01J2 | BB14: J12992 | BG14: =BD14*BF14 -> 0 | BI14: B539332 | BJ14: ENCABEÇAR RD BT NO PG: B539332 E ENERGIZAR OBRA. | BK14: .
A15: 9102368609 | B15: B-1238780 | E15: ER-SEIN-RUA-TAMANCO 1800-CURRAL VELHO | F15: MIGUEL CALMON | G15: RETIRADA DA CARTEIRA | H15: ANTECIPADA PARA FEV/26 OBRA SERÁ EXECUTADA NA CARTEIRA DE FEV/26 | J15: =VLOOKUP(I15,DADOS!B:F,5,0) -> #N/A | L15: PLANO 7 | M15: GOVERNO | AC15: 10 | AE15: 99 | AH15: =AE15-AG15 -> 99 | AI15: =IF(OR(AE15=0, ISERR(AG15/AE15)), 0, AG15/AE15) -> 0 | AJ15: 0.5 | AS15: 730549.03 | AU15: =VLOOKUP(I15,DADOS!B:C,2,0) -> #N/A | AV15: =AE15*2480 -> 245520 | BG15: =BD15*BF15 -> 0 | BK15: .
A16: 9102361558 | B16: B-1235157 | E16: RR-CIND-POV-MACAUBAS 53-RURAL MOD | F16: MIGUEL CALMON | J16: =VLOOKUP(I16,DADOS!B:F,5,0) -> #N/A | L16: PLANO 7 | M16: QLP | P16: 46065 | Q16: SOLICITAR | S16: CRIAR | U16: CRIAR | V16: CRIAR | X16: N/A | AA16: 1050249 | AB16: E974603 AO E974665 | AC16: 1 | AE16: 69 | AH16: =AE16-AG16 -> 69 | AI16: =IF(OR(AE16=0, ISERR(AG16/AE16)), 0, AG16/AE16) -> 0 | AJ16: 1 | AP16: E388736 | AQ16: -11.373322 | AR16: -40.783204 | AS16: 327676.8 | AU16: =VLOOKUP(I16,DADOS!B:C,2,0) -> #N/A | AV16: =AE16*2480 -> 171120 | BA16: MCM-01J3 | BB16: V02731 | BG16: =BD16*BF16 -> 0 | BI16: B992842 | BJ16: ALTERAR ESTRUTURA DE N3 P/ N4 NO PG: B992842, FECHAR CHAVE NOVA PRÓXIMO AO PG: B992842 E ENERGIZAR OBRA. | BK16: 2026-23655
A17: 9101989375 | B17: B-1120297 | E17: IS-COEL-AV-ODONEL RIOS-CENTRO-MIG CALMON | F17: MIGUEL CALMON | H17: MELHORAMENTO // OBRA URBANA // NO CENTRO | J17: =VLOOKUP(I17,DADOS!B:F,5,0) -> #N/A | L17: PLANO 8 | M17: INTERV. DE SEGURANÇA | O17: MELHORAMENTO // OBRA URBANA // NO CENTRO | AA17: CRIAR | AC17: 0 | AE17: 12 | AH17: =AE17-AG17 -> 12 | AI17: =IF(OR(AE17=0, ISERR(AG17/AE17)), 0, AG17/AE17) -> 0 | AJ17: 1 | AP17: R032031 | AQ17: -11.4312542 | AR17: -40.5955886 | AS17: 136273.14 | AU17: =VLOOKUP(I17,DADOS!B:C,2,0) -> #N/A | AV17: =AE17*2480 -> 29760 | BG17: =BD17*BF17 -> 0 | BK17: .
A18: 9101088753 | B18: B-0816186 | E18: ME-CIND-POV. CABORONGA-RURAL ADF | F18: MIGUEL CALMON | G18: RETIRADA DA CARTEIRA | H18: SEM PROJETO MAGNÉTICO NEM LEVANTAMENTO NO GEOEX. | J18: =VLOOKUP(I18,DADOS!B:F,5,0) -> #N/A | L18: PLANO 7 | M18: OUTROS | AC18: 0 | AE18: 0 | AH18: =AE18-AG18 -> 0 | AI18: =IF(OR(AE18=0, ISERR(AG18/AE18)), 0, AG18/AE18) -> 0 | AJ18: 1 | AS18: 5210.84 | AU18: =VLOOKUP(I18,DADOS!B:C,2,0) -> #N/A | AV18: =AE18*2480 -> 0 | BG18: =BD18*BF18 -> 0 | BK18: .
A19: 9102146204 | B19: B-1173379 | E19: ER-CIND-RUA-VARZEA DOS BOIS-CENTRO | F19: MIGUEL CALMON | G19: RETIRADA DA CARTEIRA | H19: EM EXECUÇÃO DA CARTEIRA DE FEV/26. | J19: =VLOOKUP(I19,DADOS!B:F,5,0) -> #N/A | L19: PLANO 7 | M19: OUTROS | AC19: 0 | AE19: 11 | AH19: =AE19-AG19 -> 11 | AI19: =IF(OR(AE19=0, ISERR(AG19/AE19)), 0, AG19/AE19) -> 0 | AJ19: 1 | AS19: 5210.84 | AU19: =VLOOKUP(I19,DADOS!B:C,2,0) -> #N/A | AV19: =AE19*2480 -> 27280 | BG19: =BD19*BF19 -> 0 | BK19: .
A20: 9101992115 | B20: B-1120112 | E20: LD CIND FAZ TANQUE NOVO RURAL | F20: MUNDO NOVO | G20: RETIRADA DA CARTEIRA | H20: RETIRADA DA CARTEIRA PELA COELBA - FALTA DE MATERIAIS VERIFICAR SE TEM ACESSO PARA CAMINHÃO LV. | J20: =VLOOKUP(I20,DADOS!B:F,5,0) -> #N/A | L20: PLANO 14.7.3-LPT | M20: AIC AUDITORIA | P20: 46063 | Q20: SOLICITAR | S20: CRIAR | U20: N/A | V20: CRIAR | X20: N/A | AC20: 1 | AE20: 3 | AH20: =AE20-AG20 -> 3 | AI20: =IF(OR(AE20=0, ISERR(AG20/AE20)), 0, AG20/AE20) -> 0 | AJ20: 1 | AP20: L392615 | AQ20: -12.071877 | AR20: -40.461241 | AS20: 60968.17 | AU20: =VLOOKUP(I20,DADOS!B:C,2,0) -> #N/A | AV20: =AE20*2480 -> 7440 | BG20: =BD20*BF20 -> 0 | BI20: L392615 | BK20: .
A21: 9102005076 | B21: B-1119761 | E21: IE-GRUA FAZ.ALTO ALEGRE MOOD-RURAL | F21: MUNDO NOVO | H21: INST. RELIGADOR DE LINHA | J21: =VLOOKUP(I21,DADOS!B:F,5,0) -> #N/A | M21: AIC AUDITORIA | S21: CRIAR | V21: AGUARDANDO ANÁLISE | AC21: 0 | AE21: 0 | AH21: =AE21-AG21 -> 0 | AI21: =IF(OR(AE21=0, ISERR(AG21/AE21)), 0, AG21/AE21) -> 0 | AJ21: 1 | AP21: D262200 | AQ21: -11.862749 | AR21: -40.487260 | AS21: 99015.22 | AU21: =VLOOKUP(I21,DADOS!B:C,2,0) -> #N/A | AV21: =AE21*2480 -> 0 | BG21: =BD21*BF21 -> 0 | BI21: D262200 | BK21: .
A22: 9101893077 | B22: B-1072445 | C22: B-1141998 | D22: B-1141997 | E22: ER-CIND-FAZ-UMBUZEIRO-RURAL | F22: MUNDO NOVO | G22: RETIRADA DA CARTEIRA | H22: RETIRADA DA CARTEIRA PELA COELBA - FALTA DE MATERIAIS | J22: =VLOOKUP(I22,DADOS!B:F,5,0) -> #N/A | K22: NAILTON SANTANA PEREIRA FILHO - U344575 | L22: PLANO 14.7.3-LPT | M22: QLP | N22: 46010 | P22: 45993 | Q22: 45993 | S22: CRIAR | U22: N/A | V22: CRIAR | X22: N/A | AB22: E933036 AO E933044 | AC22: 1 | AE22: 9 | AH22: =AE22-AG22 -> 9 | AI22: =IF(OR(AE22=0, ISERR(AG22/AE22)), 0, AG22/AE22) -> 0 | AJ22: 1 | AP22: D548038 | AQ22: -11,666902 | AR22: -40,380120 | AS22: 36023.21 | AU22: =VLOOKUP(I22,DADOS!B:C,2,0) -> #N/A | AV22: =AE22*2480 -> 22320 | BA22: MUN-01N6 2#4 | BB22: W65651 | BG22: 0 | BI22: D548038 | BJ22: INTERCALAR POSTE AT COM N1-3 ENTRE OS PG: D548039 - D548038, FECHAR CHAVE NOVA PRÓBIMO AO PG: D548038 E ENERGIZAR OBRA. | BK22: .
A23: 9101866308 | B23: B-1063581 | E23: ER-CIND-RUA-JEQUITIBA-RURAL | F23: MUNDO NOVO | G23: RETIRADA DA CARTEIRA | H23: RETIRADA DA CARTEIRA PELA COELBA - FALTA DE MATERIAIS | J23: =VLOOKUP(I23,DADOS!B:F,5,0) -> #N/A | L23: PLANO 14.7.3-LPT | M23: QLP | P23: 46062 | Q23: SOLICITAR | S23: CRIAR | U23: N/A | V23: CRIAR | X23: N/A | AB23: E956729 AO E956732 | AC23: 2 | AE23: 4 | AH23: =AE23-AG23 -> 4 | AI23: =IF(OR(AE23=0, ISERR(AG23/AE23)), 0, AG23/AE23) -> 0 | AJ23: 1 | AP23: D715524 | AQ23: -12.053776 | AR23: -40.496625 | AS23: 22022.48 | AU23: =VLOOKUP(I23,DADOS!B:C,2,0) -> #N/A | AV23: =AE23*2480 -> 9920 | BG23: =BD23*BF23 -> 0 | BI23: D715524 | BK23: .
A24: 9101722770 | B24: B-1009274 | E24: IE-REGULADOR-MUN-01N5-T20539 | F24: MUNDO NOVO | H24: INST. REGULADORES | J24: =VLOOKUP(I24,DADOS!B:F,5,0) -> #N/A | M24: INTERV. DE SEGURANÇA | S24: CRIAR | U24: N/A | V24: AGUARDANDO ANÁLISE | X24: N/A | AC24: 0 | AE24: 3 | AH24: =AE24-AG24 -> 3 | AI24: =IF(OR(AE24=0, ISERR(AG24/AE24)), 0, AG24/AE24) -> 0 | AJ24: 0.8 | AP24: L276481 | AQ24: -11.809883 | AR24: -40.436864 | AS24: 659578.14 | AU24: =VLOOKUP(I24,DADOS!B:C,2,0) -> #N/A | AV24: =AE24*2480 -> 7440 | BG24: =BD24*BF24 -> 0 | BI24: L276481 | BK24: .
A25: 9102369819 | B25: B-1244188 | E25: ER-CIND-POV-BURRO BOM-RURAL | F25: MUNDO NOVO | J25: =VLOOKUP(I25,DADOS!B:F,5,0) -> #N/A | L25: PLANO 7 | M25: QLP | P25: 46066 | Q25: SOLICITAR | S25: CRIAR | U25: N/A | V25: CRIAR | X25: N/A | AA25: 1050250 | AB25: E974673 AO E974692 | AC25: 1 | AE25: 19 | AH25: =AE25-AG25 -> 19 | AI25: =IF(OR(AE25=0, ISERR(AG25/AE25)), 0, AG25/AE25) -> 0 | AJ25: 1 | AP25: A467929 | AQ25: -12.080572 | AR25: -40.822991 | AS25: 107543.86 | AU25: =VLOOKUP(I25,DADOS!B:C,2,0) -> #N/A | AV25: =AE25*2480 -> 47120 | BA25: TPM-01Z1 | BB25: H32986 | BG25: =BD25*BF25 -> 0 | BI25: A467929 | BJ25: INTERCALAR POSTE AT COM N1-3 ENTRE OS PG: A467930 - A467929, FECHAR CHAVE NOVA PRÓXIMO AO PG: A467930 E ENERGIZAR OBRA. | BK25: 2026-23656
A26: 9102368366 | B26: B-1244550 | E26: ER-CIND-FAZ-LAGOA DO MILHO-LAGOA DO MILH | F26: MUNDO NOVO | J26: =VLOOKUP(I26,DADOS!B:F,5,0) -> #N/A | L26: PLANO 7 | M26: QLP | P26: 46066 | Q26: SOLICITAR | S26: CRIAR | U26: N/A | V26: CRIAR | X26: N/A | AC26: 1 | AE26: 2 | AH26: =AE26-AG26 -> 2 | AI26: =IF(OR(AE26=0, ISERR(AG26/AE26)), 0, AG26/AE26) -> 0 | AJ26: 1 | AS26: 27311.96 | AU26: =VLOOKUP(I26,DADOS!B:C,2,0) -> #N/A | AV26: =AE26*2480 -> 4960 | BA26: MUN-01N6 | BB26: W11832 | BG26: =BD26*BF26 -> 0 | BI26: D244767 | BJ26: INTERCALAR POSTE AT COM N1 E TRAFO ENTRE OS PG: D244767 - D244768, FECHAR CHAVE NOVA PRÓXIMO AO PG: D244767 E ENERGIZAR OBRA. | BK26: 2026-23658
A27: 9102363948 | B27: B-1242264 | E27: ER-CIND-POV-DE IBIAPORA 135-RURAL | F27: MUNDO NOVO | J27: =VLOOKUP(I27,DADOS!B:F,5,0) -> #N/A | L27: PLANO 7 | M27: QLP | P27: 46066 | Q27: SOLICITAR | S27: CRIAR | U27: N/A | V27: CRIAR | X27: N/A | AA27: 1050251 | AB27: E974693 AO E974715 | AC27: 1 | AE27: 23 | AH27: =AE27-AG27 -> 23 | AI27: =IF(OR(AE27=0, ISERR(AG27/AE27)), 0, AG27/AE27) -> 0 | AJ27: 1 | AP27: D093566 | AQ27: -12.037555 | AR27: -40.835501 | AS27: 212803.12 | AU27: =VLOOKUP(I27,DADOS!B:C,2,0) -> #N/A | AV27: =AE27*2480 -> 57040 | BA27: TPM-01Z1 | BB27: W51280 | BG27: =BD27*BF27 -> 0 | BI27: D093566 | BJ27: INTERCALAR POSTE AT COM N1-3 ENTRE OS PG: D093566 - D093567, FECHAR CHAVE NOVA PRÓXIMO AO PG: D093567 E ENERGIZAR OBRA. | BK27: 2026-23660
A28: 9102382526 | B28: B-1244752 | E28: ER-CIND-TRV-DO COLEGIO-RURAL | F28: MUNDO NOVO | J28: =VLOOKUP(I28,DADOS!B:F,5,0) -> #N/A | L28: PLANO 7 | M28: QLP | P28: 46066 | Q28: SOLICITAR | S28: CRIAR | U28: N/A | V28: =X28 -> CRIAR | X28: CRIAR | AC28: 1 | AE28: 0 | AH28: =AE28-AG28 -> 0 | AI28: =IF(OR(AE28=0, ISERR(AG28/AE28)), 0, AG28/AE28) -> 0 | AJ28: 1 | AP28: D383767 | AQ28: -11.671931 | AR28: -40.371607 | AS28: 25596.67 | AU28: =VLOOKUP(I28,DADOS!B:C,2,0) -> #N/A | AV28: =AE28*2480 -> 0 | BA28: MUN-01N6 | BB28: W11832 | BG28: =BD28*BF28 -> 0 | BI28: D383767 | BJ28: ABRIR CHAVE: N02285 P/ ADICIONAR FASE DO PG: D535239 AO D535237, SUBST. TF: N12476, SUBST. RD BT AT O PG: D535237 E ENERGIZAR OBRA. | BK28: CRIAR
A29: 9102374555 | B29: B-1239657 | E29: AC-CCOL-FAZ-NOVA FLORESTA-RURAL MOD | F29: OUROLÂNDIA | G29: RETIRADA DA CARTEIRA | H29: SEM PROJETO MAGNÉTICO NO GEOEX, APENAS LEVANTAMENTO. | J29: =VLOOKUP(I29,DADOS!B:F,5,0) -> #N/A | L29: PLANO 7 | M29: REPUTACIONAL | AC29: 0 | AE29: 0 | AH29: =AE29-AG29 -> 0 | AI29: =IF(OR(AE29=0, ISERR(AG29/AE29)), 0, AG29/AE29) -> 0 | AJ29: 0.3 | AS29: 4996248.4 | AU29: =VLOOKUP(I29,DADOS!B:C,2,0) -> #N/A | AV29: =AE29*2480 -> 0 | BG29: =BD29*BF29 -> 0 | BK29: .
A30: 9102378653 | B30: B-1244900 | E30: AC-CIND-RUA-FLORISVALDO L DE OLI-CENTRO | F30: OUROLÂNDIA | J30: =VLOOKUP(I30,DADOS!B:F,5,0) -> #N/A | L30: PLANO 7 | M30: QLP | P30: 46066 | Q30: SOLICITAR | S30: N/A | T30: N/A | U30: N/A | V30: CRIAR | X30: N/A | AC30: 4 | AE30: 2 | AH30: =AE30-AG30 -> 2 | AI30: =IF(OR(AE30=0, ISERR(AG30/AE30)), 0, AG30/AE30) -> 0 | AJ30: 1 | AP30: B923188 | AQ30: -10.854303 | AR30: -41.379159 | AS30: 11763.77 | AU30: =VLOOKUP(I30,DADOS!B:C,2,0) -> #N/A | AV30: =AE30*2480 -> 4960 | BA30: OUL-01M1 | BB30: H63358 | BG30: =BD30*BF30 -> 0 | BI30: B923188 | BJ30: ENCABEÇAR RD BT NO PG: B923188 E ENERGIZAR OBRA. | BK30: .
A31: 9102042535 | B31: B-1130735 | E31: ER-CCOL-POV-VERDADEIRA-VERDADEIRA | F31: UMBURANAS | G31: RETIRADA DA CARTEIRA | H31: RETIRADA DA CARTEIRA PELA COELBA - FALTA DE MATERIAIS | J31: =VLOOKUP(I31,DADOS!B:F,5,0) -> #N/A | L31: PLANO 14.7.3-LPT | M31: LPT | S31: CRIAR | U31: N/A | V31: CRIAR | X31: N/A | AA31: CRIAR | AC31: 2 | AE31: 7 | AH31: =AE31-AG31 -> 7 | AI31: =IF(OR(AE31=0, ISERR(AG31/AE31)), 0, AG31/AE31) -> 0 | AJ31: 1 | AS31: 50882.07 | AU31: =VLOOKUP(I31,DADOS!B:C,2,0) -> #N/A | AV31: =AE31*2480 -> 17360 | BG31: =BD31*BF31 -> 0 | BK31: .
A32: 9102036707 | B32: B-1132638 | E32: ER-CIND-POV-SAO JOSE-RURAL | F32: UMBURANAS | J32: =VLOOKUP(I32,DADOS!B:F,5,0) -> #N/A | L32: PLANO 14.4.12.1-LPT | M32: LPT | P32: 46065 | Q32: SOLICITAR | S32: CRIAR | U32: N/A | V32: CRIAR | X32: N/A | AB32: E956775 AO E956777 | AC32: 1 | AE32: 3 | AH32: =AE32-AG32 -> 3 | AI32: =IF(OR(AE32=0, ISERR(AG32/AE32)), 0, AG32/AE32) -> 0 | AJ32: 1 | AS32: 23944.89 | AU32: =VLOOKUP(I32,DADOS!B:C,2,0) -> #N/A | AV32: =AE32*2480 -> 7440 | BA32: UBR-01C1 | BB32: J59389 | BG32: =BD32*BF32 -> 0 | BI32: D103574 | BJ32: INTERCALAR POSTE AT COM N1 ENTRE OS PG: D103574 - D103578, ENCABEÇAR RD BT NO PG: R071904 E ENERGIZAR OBRA. | BK32: CRIAR
A33: 9102332784 | B33: B-1222009 | E33: MP-CIND-POV-ANGICAL-VERDADEIRA | F33: UMBURANAS | J33: =VLOOKUP(I33,DADOS!B:F,5,0) -> #N/A | L33: PLANO 14.4.12.1-LPT | M33: LPT | P33: 46066 | Q33: SOLICITAR | S33: CRIAR | U33: CRIAR | V33: =X33 -> CRIAR | X33: CRIAR | AA33: 1050252 | AB33: E974716 AO E974725 | AC33: 1 | AE33: 10 | AH33: =AE33-AG33 -> 10 | AI33: =IF(OR(AE33=0, ISERR(AG33/AE33)), 0, AG33/AE33) -> 0 | AJ33: 1 | AS33: 85055.68 | AU33: =VLOOKUP(I33,DADOS!B:C,2,0) -> #N/A | AV33: =AE33*2480 -> 24800 | BA33: UBR-01C1 | BB33: V35044 | BG33: =BD33*BF33 -> 0 | BI33: E106998 | BJ33: MONTAR BANCADA COM N3 NO PG: E106998 E ENERGIZAR OBRA. | BK33: CRIAR
A34: 9102295522 | B34: B-1208480 | E34: ER-CIND-POV-POTES 5528-POTES MOD | F34: UMBURANAS | G34: RETIRADA DA CARTEIRA | H34: SEM PROJETO MAGNÉTICO NO GEOEX, APENAS LEVANTAMENTO. | J34: =VLOOKUP(I34,DADOS!B:F,5,0) -> #N/A | L34: PLANO 14.4.12.1-LPT | M34: QLP | AC34: 3 | AE34: 0 | AH34: =AE34-AG34 -> 0 | AI34: =IF(OR(AE34=0, ISERR(AG34/AE34)), 0, AG34/AE34) -> 0 | AJ34: 1 | AS34: 131070.72 | AU34: =VLOOKUP(I34,DADOS!B:C,2,0) -> #N/A | AV34: =AE34*2480 -> 0 | BG34: =BD34*BF34 -> 0 | BK34: .
A35: 9102364278 | B35: B-1238566 | E35: ER-CIND-POV-VARZEA DE DENTRO-DELFINO-MOD | F35: UMBURANAS | G35: RETIRADA DA CARTEIRA | H35: SEM PROJETO MAGNÉTICO NO GEOEX, APENAS LEVANTAMENTO. | J35: =VLOOKUP(I35,DADOS!B:F,5,0) -> #N/A | L35: PLANO 7 | M35: QLP | AC35: 1 | AE35: 140 | AH35: =AE35-AG35 -> 140 | AI35: =IF(OR(AE35=0, ISERR(AG35/AE35)), 0, AG35/AE35) -> 0 | AJ35: 1 | AS35: 732685.33 | AU35: =VLOOKUP(I35,DADOS!B:C,2,0) -> #N/A | AV35: =AE35*2480 -> 347200 | BG35: =BD35*BF35 -> 0 | BK35: .
A36: 9102344574 | B36: B-1246232 | E36: AL-SE-UBR-AMPLIA O-R026798 | F36: UMBURANAS | H36: INTERVENÇÃO DE LV DENTRO SE UBR-01C1 | J36: =VLOOKUP(I36,DADOS!B:F,5,0) -> #N/A | L36: PLANO 1 | M36: AL/MELHORAMENTO | AC36: 0 | AE36: 11 | AH36: =AE36-AG36 -> 11 | AI36: =IF(OR(AE36=0, ISERR(AG36/AE36)), 0, AG36/AE36) -> 0 | AJ36: 0.7 | AP36: D702302 | AQ36: -10.71903532 | AR36: -41.31470695 | AS36: 788826.74 | AU36: =VLOOKUP(I36,DADOS!B:C,2,0) -> #N/A | AV36: =AE36*2480 -> 27280 | BG36: =BD36*BF36 -> 0 | BI36: D702302 | BK36: .
A37: 9102375704 | B37: B-1244756 | E37: ER-CIND-POV-VARZEA DE DENTRO-RURAL | F37: UMBURANAS | J37: =VLOOKUP(I37,DADOS!B:F,5,0) -> #N/A | L37: PLANO 7 | M37: QLP | S37: CRIAR | U37: N/A | V37: CRIAR | X37: N/A | AA37: 1050253 | AB37: E974726 AO E974758 | AC37: 0 | AE37: 33 | AH37: =AE37-AG37 -> 33 | AI37: =IF(OR(AE37=0, ISERR(AG37/AE37)), 0, AG37/AE37) -> 0 | AJ37: 1 | AP37: R071827 | AQ37: -10.274730 | AR37: -41.042781 | AS37: 220686.32 | AU37: =VLOOKUP(I37,DADOS!B:C,2,0) -> #N/A | AV37: =AE37*2480 -> 81840 | BA37: UBR-01C1 | BB37: J08479 | BG37: =BD37*BF37 -> 0 | BI37: R071827 | BJ37: INTERCALAR POSTE AT COM N1-3 ENTRE OS PG: R071827 - R071828, FECHAR CHAVE NOVA PRÓXIMO AO PG: R071827 E ENERGIZAR OBRA. | BK37: CRIAR
A38: 9102140198 | B38: B-1168420 | E38: ER-CIND-POV-ABENGOADA 4444-RURAL V NOVA | F38: VÁRZEA NOVA | J38: =VLOOKUP(I38,DADOS!B:F,5,0) -> #N/A | L38: PLANO 14.7.3-LPT | M38: LPT | S38: N/A | T38: N/A | U38: N/A | V38: CRIAR | X38: N/A | AC38: 1 | AE38: 0 | AH38: =AE38-AG38 -> 0 | AI38: =IF(OR(AE38=0, ISERR(AG38/AE38)), 0, AG38/AE38) -> 0 | AJ38: 1 | AP38: E517384 | AQ38: -11.013217 | AR38: -41.163311 | AS38: 6434.97 | AU38: =VLOOKUP(I38,DADOS!B:C,2,0) -> #N/A | AV38: =AE38*2480 -> 0 | BA38: JCB-09N4 | BB38: D00497 | BG38: =BD38*BF38 -> 0 | BI38: E517384 | BJ38: ENCABEÇAR RD BT NO PG: E517380 E ENERGIZAR OBRA. | BK38: .
A39: 9101828084 | B39: B-1047990 | E39: AC-CIND-POV-MOCOZEIRA 180-RURAL | F39: VÁRZEA NOVA | G39: CANCELADA | H39: ADF DE 1,8KM E SUBST. TRAFO 2F-10KVA POR 3F-30KVA OBRA JÁ CONSTRUÍDA ATRAVÉS DO PROJETO: B-1135277 - AC-CIND-POV-MOCOZEIRA-RURAL - VÁRZEA NOVA | J39: =VLOOKUP(I39,DADOS!B:F,5,0) -> #N/A | L39: PLANO 7 | M39: QLP | U39: N/A | V39: =X39 | AC39: 1 | AE39: 0 | AH39: =AE39-AG39 -> 0 | AI39: =IF(OR(AE39=0, ISERR(AG39/AE39)), 0, AG39/AE39) -> 0 | AJ39: 1 | AP39: D738542 | AQ39: -11.247387 | AR39: -40.996289 | AS39: 16960.43 | AU39: =VLOOKUP(I39,DADOS!B:C,2,0) -> #N/A | AV39: =AE39*2480 -> 0 | BG39: =BD39*BF39 -> 0 | BI39: D738542 | BK39: .
A40: 9101877529 | B40: B-1063724 | E40: AC-CIND-FAZ-NOVA CONCEICAO-NOVA CONCEICA | F40: VÁRZEA NOVA | H40: SUBST. CABO BT 2B35 POR 3B35 | J40: =VLOOKUP(I40,DADOS!B:F,5,0) -> #N/A | L40: PLANO 7 | M40: QLP | S40: CRIAR | U40: N/A | V40: =X40 -> CRIAR | X40: CRIAR | AC40: 1 | AE40: 0 | AH40: =AE40-AG40 -> 0 | AI40: =IF(OR(AE40=0, ISERR(AG40/AE40)), 0, AG40/AE40) -> 0 | AJ40: 1 | AP40: D285034 | AQ40: -11.127288 | AR40: -40.931057 | AS40: 17303.96 | AU40: =VLOOKUP(I40,DADOS!B:C,2,0) -> #N/A | AV40: =AE40*2480 -> 0 | BA40: MCH-01C2 | BB40: W00239 | BG40: =BD40*BF40 -> 0 | BI40: D285034 | BJ40: ADICIONAR +1 ESTRIBO E +1 CHAVE NO PG: D285032 E ENERGIZAR OBRA. | BK40: CRIAR
A41: 9102352247 | B41: B-1233068 | E41: AC-CIND-POV-ABENGOADA 165-RURAL | F41: VÁRZEA NOVA | H41: ADF DE 1,5KM E SUBST. TRAFO 2F-10KVA POR 3F-30KVA | J41: =VLOOKUP(I41,DADOS!B:F,5,0) -> #N/A | L41: PLANO 7 | M41: QLP | S41: CRIAR | U41: CRIAR | V41: =X41 -> CRIAR | X41: CRIAR | AA41: 1050254 | AB41: E974759 AO E974764 | AC41: 1 | AE41: 6 | AH41: =AE41-AG41 -> 6 | AI41: =IF(OR(AE41=0, ISERR(AG41/AE41)), 0, AG41/AE41) -> 0 | AJ41: 1 | AP41: E517310 | AQ41: -11.015346 | AR41: -41.122137 | AS41: 180316.81 | AU41: =VLOOKUP(I41,DADOS!B:C,2,0) -> #N/A | AV41: =AE41*2480 -> 14880 | BA41: JCB-09N4 | BB41: G50187 | BG41: =BD41*BF41 -> 0 | BI41: E517310 | BJ41: ADICIONAR FASE DO PG: E517310 AO E517311 E ENERGIZAR OBRA. | BK41: CRIAR
A42: 9102380049 | B42: B-1244062 | E42: ER-CIND-FAZ-PORCOS 9965-RURAL | F42: VÁRZEA NOVA | J42: =VLOOKUP(I42,DADOS!B:F,5,0) -> #N/A | L42: PLANO 7 | M42: QLP | S42: CRIAR | U42: N/A | V42: CRIAR | X42: N/A | AC42: 1 | AE42: 4 | AH42: =AE42-AG42 -> 4 | AI42: =IF(OR(AE42=0, ISERR(AG42/AE42)), 0, AG42/AE42) -> 0 | AJ42: 1 | AS42: 38312.03 | AU42: =VLOOKUP(I42,DADOS!B:C,2,0) -> #N/A | AV42: =AE42*2480 -> 9920 | BA42: MCM-01J4 | BB42: G16670 | BG42: =BD42*BF42 -> 0 | BI42: B405741 | BJ42: INTERCALAR POSTE AT COM N1 E TRAFO ENTRE OS PG: B405741 - B405742, FECHAR CHAVE NOVA PRÓXIMO AO PG: B405741 E ENERGIZAR OBRA. | BK42: CRIAR
A43: 9101891927 | B43: B-1156468 | E43: LD-CIND-FAZ BERNARDO-RURAL-VZN | F43: VÁRZEA NOVA | G43: RETIRADA DA CARTEIRA | H43: RETIRADA DA CARTEIRA PELA COELBA - FALTA DE MATERIAIS | J43: =VLOOKUP(I43,DADOS!B:F,5,0) -> #N/A | L43: PLANO 7 | M43: QLP | S43: CRIAR | U43: CRIAR | V43: CRIAR | X43: N/A | AA43: CRIAR | AC43: 0 | AE43: 12 | AH43: =AE43-AG43 -> 12 | AI43: =IF(OR(AE43=0, ISERR(AG43/AE43)), 0, AG43/AE43) -> 0 | AJ43: 1 | AP43: D536576 | AQ43: -11.260149 | AR43: -40.965011 | AS43: 93593.72 | AU43: =VLOOKUP(I43,DADOS!B:C,2,0) -> #N/A | AV43: =AE43*2480 -> 29760 | BG43: =BD43*BF43 -> 0 | BI43: D536576 | BK43: .
J44: =VLOOKUP(I44,DADOS!B:F,5,0) -> #N/A | AH44: =AE44-AG44 -> 0 | AI44: =IF(OR(AE44=0, ISERR(AG44/AE44)), 0, AG44/AE44) -> 0 | AU44: =VLOOKUP(I44,DADOS!B:C,2,0) -> #N/A | AV44: =AE44*2480 -> 0 | BG44: =BD44*BF44 -> 0 | BK44: .
J45: =VLOOKUP(I45,DADOS!B:F,5,0) -> #N/A | AH45: =AE45-AG45 -> 0 | AI45: =IF(OR(AE45=0, ISERR(AG45/AE45)), 0, AG45/AE45) -> 0 | AU45: =VLOOKUP(I45,DADOS!B:C,2,0) -> #N/A | AV45: =AE45*2480 -> 0 | BG45: =BD45*BF45 -> 0 | BK45: .
J46: =VLOOKUP(I46,DADOS!B:F,5,0) -> #N/A | AH46: =AE46-AG46 -> 0 | AI46: =IF(OR(AE46=0, ISERR(AG46/AE46)), 0, AG46/AE46) -> 0 | AU46: =VLOOKUP(I46,DADOS!B:C,2,0) -> #N/A | AV46: =AE46*2480 -> 0 | BG46: =BD46*BF46 -> 0 | BK46: .
J47: =VLOOKUP(I47,DADOS!B:F,5,0) -> #N/A | AH47: =AE47-AG47 -> 0 | AI47: =IF(OR(AE47=0, ISERR(AG47/AE47)), 0, AG47/AE47) -> 0 | AU47: =VLOOKUP(I47,DADOS!B:C,2,0) -> #N/A | AV47: =AE47*2480 -> 0 | BG47: =BD47*BF47 -> 0 | BK47: .
J48: =VLOOKUP(I48,DADOS!B:F,5,0) -> #N/A | AH48: =AE48-AG48 -> 0 | AI48: =IF(OR(AE48=0, ISERR(AG48/AE48)), 0, AG48/AE48) -> 0 | AU48: =VLOOKUP(I48,DADOS!B:C,2,0) -> #N/A | AV48: =AE48*2480 -> 0 | BG48: =BD48*BF48 -> 0 | BK48: .
J49: =VLOOKUP(I49,DADOS!B:F,5,0) -> #N/A | AH49: =AE49-AG49 -> 0 | AI49: =IF(OR(AE49=0, ISERR(AG49/AE49)), 0, AG49/AE49) -> 0 | AU49: =VLOOKUP(I49,DADOS!B:C,2,0) -> #N/A | AV49: =AE49*2480 -> 0 | BG49: =BD49*BF49 -> 0 | BK49: .
J50: =VLOOKUP(I50,DADOS!B:F,5,0) -> #N/A | AH50: =AE50-AG50 -> 0 | AI50: =IF(OR(AE50=0, ISERR(AG50/AE50)), 0, AG50/AE50) -> 0 | AU50: =VLOOKUP(I50,DADOS!B:C,2,0) -> #N/A | AV50: =AE50*2480 -> 0 | BG50: =BD50*BF50 -> 0 | BK50: .
J51: =VLOOKUP(I51,DADOS!B:F,5,0) -> #N/A | AH51: =AE51-AG51 -> 0 | AI51: =IF(OR(AE51=0, ISERR(AG51/AE51)), 0, AG51/AE51) -> 0 | AU51: =VLOOKUP(I51,DADOS!B:C,2,0) -> #N/A | AV51: =AE51*2480 -> 0 | BG51: =BD51*BF51 -> 0 | BK51: .
J52: =VLOOKUP(I52,DADOS!B:F,5,0) -> #N/A | AH52: =AE52-AG52 -> 0 | AI52: =IF(OR(AE52=0, ISERR(AG52/AE52)), 0, AG52/AE52) -> 0 | AU52: =VLOOKUP(I52,DADOS!B:C,2,0) -> #N/A | AV52: =AE52*2480 -> 0 | BG52: =BD52*BF52 -> 0 | BK52: .
J53: =VLOOKUP(I53,DADOS!B:F,5,0) -> #N/A | AH53: =AE53-AG53 -> 0 | AI53: =IF(OR(AE53=0, ISERR(AG53/AE53)), 0, AG53/AE53) -> 0 | AU53: =VLOOKUP(I53,DADOS!B:C,2,0) -> #N/A | AV53: =AE53*2480 -> 0 | BG53: =BD53*BF53 -> 0 | BK53: .
J54: =VLOOKUP(I54,DADOS!B:F,5,0) -> #N/A | AH54: =AE54-AG54 -> 0 | AI54: =IF(OR(AE54=0, ISERR(AG54/AE54)), 0, AG54/AE54) -> 0 | AU54: =VLOOKUP(I54,DADOS!B:C,2,0) -> #N/A | AV54: =AE54*2480 -> 0 | BG54: =BD54*BF54 -> 0 | BK54: .
J55: =VLOOKUP(I55,DADOS!B:F,5,0) -> #N/A | AH55: =AE55-AG55 -> 0 | AI55: =IF(OR(AE55=0, ISERR(AG55/AE55)), 0, AG55/AE55) -> 0 | AU55: =VLOOKUP(I55,DADOS!B:C,2,0) -> #N/A | AV55: =AE55*2480 -> 0 | BG55: =BD55*BF55 -> 0 | BK55: .
... J98: =VLOOKUP(I98,DADOS!B:F,5,0) -> #N/A | AH98: =AE98-AG98 -> 0 | AI98: =IF(OR(AE98=0, ISERR(AG98/AE98)), 0, AG98/AE98) -> 0 | AU98: =VLOOKUP(I98,DADOS!B:C,2,0) -> #N/A | AV98: =AE98*2480 -> 0 | BG98: =BD98*BF98 -> 0 | BK98: .
C99: NÃO ELIMINAR ESTA LINHA | D99: NÃO ELIMINAR ESTA LINHA | BN99: =K99 | BP99: QUADRO DE ENERGIZAÇÃO
BO100: Obra: | BP100: =VLOOKUP(BP101,B:AO,4,0) -> #N/A | BQ100: < automático
BO101: Projeto OBRA: | BP101: B-1215995 | BQ101: << inserir só PEP obra
BO102: Projeto KIT: | BP102: =VLOOKUP(BP101,B:AO,2,0) -> #N/A | BQ102: < automático
BO103: Projeto MEDIDOR: | BP103: =VLOOKUP(BP101,B:AO,3,0) -> #N/A | BQ103: < automático
BO104: Município: | BP104: =VLOOKUP(BP101,B:AO,5,0) -> #N/A | BQ104: < automático
BO105: UTD: | BP105: JACOBINA | BQ105: < automático
BO106: Plano / ID: | BP106: =VLOOKUP(BP101,B:AO,11,0) -> #N/A | BQ106: < automático
BO107: Critério: | BP107: =VLOOKUP(BP101,B:AO,12,0) -> #N/A | BQ107: < automático
BO108: Fiscal / AR: | BP108: =VLOOKUP(BP101,B:AO,10,0) -> #N/A | BQ108: < automático
BO109: Encarregado: | BP109: =VLOOKUP(BP101,B:L,8,0) -> #N/A | BQ109: < automático
BO110: Supervisor: | BP110: =VLOOKUP(BP101,B:J,9,0) -> #N/A | BQ110: < automático
BO111: PES: | BP111: =VLOOKUP(BP101,B:AO,21,0) -> #N/A | BQ111: < automático
BO112: OC: | BP112: =VLOOKUP(BP101,B:AO,40,0) -> #N/A | BQ112: < automático
BO113: Data da Conclusão: | BP113: =VLOOKUP(BP101,B:AO,39,0) -> #N/A | BQ113: < automático
BO114: Qtd. Postes: | BP114: =VLOOKUP(BP101,B:AO,32,0) -> #N/A | BQ114: < automático
BO115: Qtd. Clientes Ligados: | BP115: =IF(BP119=0,"N/A",BP119) -> #N/A | BQ115: < Editar para cliente real atendido no e-mail.
BO116: Perdas: | BP116: 0 | BQ116: < Editar Qtd. Perdas, se houver.
BO117: OBS: | BQ117: < Inserir OBS, caso necessário.
BO119: Clientes validados | BP119: =VLOOKUP(BP101,B:AO,29,0) -> #N/A

Sheet FEV.26
A1: CARTEIRA: | B1: C | E1: UTD JACOBINA | F1: QUADRO ENERG. | L1: PLANO 7 | M1: NÃO ATENDE UC | Q1: PINTAR DATA DE | AD1: PINTAR DE VERDE | AE1: =AE3/4 -> 178 | AF1: MÉDIA P/T | AG1: =AE3/12 -> 59.333333 | AH1: =AE3*2480 -> 1765760 | AT1: =AT2/10 -> 205056
A2: Contrato JACOBINA: | B2: 4600086370 | E2: =E3/B3 -> 0.2371134 | F2: CARTEIRA 2025 | L2: PLANO 14.4.12.1-LPT | M2: LPT DEFINITIVO - ATENDE UC | Q2: VERDE QUANDO | AD2: QUANDO LIGADOS | AE2: =AE3/B3 -> 7.3402062 | AF2: =AF3/AE3 -> 0.68820225 | AG2: =AG3/AE3 -> 0.59129213 | AT2: =AE3*2880 -> 2050560 | AV2: =AE2*2480 -> 18203.711
A3: QTD. OBRAS | B3: =SUBTOTAL(3,B5:B109) -> 97 | E3: 23 | L3: PLANO 14.7.3-LPT | M3: LPT PROVISÓRIO - TEM QUE VALIDAR UC | Q3: CRIADAS | AB3: TOTAIS: | AC3: =SUBTOTAL(9,AC5:AC109) -> 131 | AD3: =SUBTOTAL(9,AD5:AD109) -> 10 | AE3: =SUBTOTAL(9,AE5:AE109) -> 712 | AF3: =SUBTOTAL(9,AF5:AF109) -> 490 | AG3: =SUBTOTAL(9,AG5:AG109) -> 421 | AH3: =SUBTOTAL(9,AH5:AH109) -> 283 | AQ3: MAPA GERAL | AS3: =SUBTOTAL(9,AS5:AS109) -> 3826851.7 | AT3: =SUBTOTAL(9,AT5:AT109) -> 0 | AV3: =AE3*2480 -> 1765760 | AW3: =SUBTOTAL(9,AW5:AW109) -> 4.923 | AX3: =SUBTOTAL(9,AX5:AX109) -> 1.228
A4: NOTA | B4: PEP OBRA | C4: PEP KIT | D4: PEP MED | E4: TÍTULO | F4: MUNICIPIO | G4: STATUS DA OBRA | H4: OBS STATUS | I4: ENCARREGADO | J4: SUPERVISOR | K4: AR COELBA | L4: PLANO INVESTIMENTO | M4: CRITERIO | N4: VISITA PRÉVIA | O4: OBS. VISITA | P4: ANÁLISE PROJETO PRÉ-FECH. | Q4: SOLICITAÇÃO DE RESERVA | R4: DATA SAQUE MATERIAIS | S4: PES LV | T4: VENCIMENTO | U4: PES LM | V4: PES ENERGIZAÇÃO | W4: VENCIMENTO | X4: PES PD | Y4: DATA PD | Z4: STATUS PES PD | AA4: SI PG | AB4: PG's | AC4: CLIENTES PREVISTOS | AD4: QTD. UC'S VALIDADAS LPT | AE4: POSTES PREVISTOS | AF4: CAVA REALIZADA | AG4: POSTES REALIZADO | AH4: POSTES À IMPLANTA | AI4: AVNR | AJ4: AVNP | AK4: INCIO PREVISTO | AL4: FIM PREVISTO | AM4: REPROGRAMAÇÃO FIM | AN4: DATA ENERGIZAÇÃO REAL | AO4: OC DE ENERG. | AP4: PG REFERÊNCIA | AQ4: LATITUDE | AR4: LONGITUDE | AS4: VALOR DE PROJETO | AT4: VALOR DE SERVIÇO | AU4: CÓDIGO EQUIPE | AV4: PROVAVEL ROCHA | AW4: CABO 1B25 | AX4: CABO 3B35 | AY4: OBS | AZ4: AVALIAÇÃO SERVIÇO | BA4: SUBESTAÇÃO ALIMENTADOR | BB4: CHAVE PRINCIPAL | BC4: CHAVE PD | BD4: QTD. UC'S | BE4: VIP | BF4: QTD. H DP | BG4: CHI | BH4: LOCAIS ATINGIDOS | BI4: PG REFERÊNCIA | BJ4: SERVIÇO | BK4: RASCUNHO | BL4: DATA SAQUE MAT. LC | BM4: DATA EXECUÇÃO LC | BN4: TURMA LC | BO4: NÃO ELIMINAR ESTA COLUNA | BP4: NÃO ELIMINAR ESTA COLUNA | BQ4: NÃO ELIMINAR ESTA COLUNA | BR4: PROGRAMAÇÃO LV
A5: 9100059054 | B5: B-0433453 | C5: N/A | D5: N/A | E5: LD - FAZ. QUEIMADAS | F5: BAIXA GRANDE | G5: CANCELADA | H5: OBRA JÁ EXECUTADA ATRAVÉS DO PROJETO Y-0433446 - MP-CCOL-FAZ. QUEIMADAS-RURAL - BAIXA GRANDE | I5: EMERSON DE CARVALHO SILVA - MRA152590 | J5: =VLOOKUP(I5,DADOS!B:F,5,0) -> ETEMILSON OLIVEIRA SANTOS - NTS149530 | K5: MANOEL GUSTAVO OLIVEIRA DOS S CONCEICAO - U464710 | L5: PLANO 7 | M5: QLP | AC5: 1 | AD5: 0 | AE5: 14 | AH5: =AE5-AG5 -> 14 | AI5: =IF(OR(AE5=0, ISERR(AG5/AE5)), 0, AG5/AE5) -> 0 | AS5: 36997.48 | AU5: =VLOOKUP(I5,DADOS!B:C,2,0) -> 2332 | AV5: =AE5*2480 -> 34720 | BG5: =BD5*BF5 -> 0 | BK5: .
A6: 9102372030 | B6: B-1111424 | C6: N/A | D6: N/A | E6: RR-SEIN-FAZ-BARRO VERMELHO-RURAL | F6: BAIXA GRANDE | G6: EM EXECUÇÃO | I6: DIOGO CRUZ DOS SANTOS - MRA177595 | J6: =VLOOKUP(I6,DADOS!B:F,5,0) -> GILVANDO RIOS DA CRUZ - NTS025538 | K6: MANOEL GUSTAVO OLIVEIRA DOS S CONCEICAO - U464710 | L6: PLANO 7 | M6: GOVERNO | N6: 46045 | O6: VISITA REALIZADA 23/01/2026 | P6: 46045 | Q6: 46048 | R6: 46051 | S6: 2026-12214 | T6: 46082 | U6: N/A | V6: 2026-12399 | W6: 46082 | X6: N/A | AA6: 1048338 | AB6: E956402 AO E956411/ E956979 | AC6: 1 | AD6: 0 | AE6: =10+1 -> 11 | AF6: =2+9 -> 11 | AG6: =4+5+1 -> 10 | AH6: =AE6-AG6 -> 1 | AI6: =IF(OR(AE6=0, ISERR(AG6/AE6)), 0, AG6/AE6) -> 0.90909091 | AJ6: 1 | AK6: 46058 | AL6: 46066 | AP6: B933897 | AQ6: -11.991620, | AR6: -40.099284 | AS6: 78172.08 | AU6: =VLOOKUP(I6,DADOS!B:C,2,0) -> 2304 | AV6: =AE6*2480 -> 27280 | BA6: MUN-01N4 2#4 | BB6: W69126 | BG6: =BD6*BF6 -> 0 | BI6: B933897 | BJ6: INTERCALAR POSTE AT COM N1-3 ENTRE OS PG: B933897 - B933898, FECHAR CHAVE NOVA PRÓBIMO AO PG: B933897 E ENERGIZAR OBRA. | BK6: REVISADO APÓS ANÁLISE
A7: 9102126615 | B7: B-1161434 | C7: N/A | D7: N/A | E7: ER-CIND-FAZ-GENIPAPO-RURAL-BAIXA GRANDE | F7: BAIXA GRANDE | G7: EM EXECUÇÃO | I7: DIOGO CRUZ DOS SANTOS - MRA177595 | J7: =VLOOKUP(I7,DADOS!B:F,5,0) -> GILVANDO RIOS DA CRUZ - NTS025538 | K7: MANOEL GUSTAVO OLIVEIRA DOS S CONCEICAO - U464710 | L7: PLANO 7 | M7: LPT | N7: 46045 | O7: VISITA REALIZADA 23/01/2026 | P7: 46045 | Q7: 46048 | R7: 46051 | S7: 2026-12215 | T7: 46082 | U7: N/A | V7: 2026-12400 | W7: 46082 | X7: N/A | AA7: 1048341 | AB7: E956412 AO E956423 | AC7: 1 | AD7: 0 | AE7: 12 | AF7: 7 | AG7: 3 | AH7: =AE7-AG7 -> 9 | AI7: =IF(OR(AE7=0, ISERR(AG7/AE7)), 0, AG7/AE7) -> 0.25 | AJ7: 1 | AK7: 46062 | AL7: 46069 | AP7: B116590 | AQ7: -12.021939 | AR7: -40.189794 | AS7: 111479.61 | AU7: =VLOOKUP(I7,DADOS!B:C,2,0) -> 2304 | AV7: =AE7*2480 -> 29760 | BA7: MUN-01N4 | BB7: N79434 | BG7: =BD7*BF7 -> 0 | BI7: B116590 | BJ7: ALTERAR ESTRUTURA DE N3 P/ N4 NO PG: B116590, FECHAR CHAVE NOVA PRÓBIMO AO PG: B116590 E ENERGIZAR OBRA. | BK7: REVISADO APÓS ANÁLISE
A8: 9102359037 | B8: B-1234711 | C8: B-1243717 | D8: B-1243858 | E8: ER-CIND-POV-CONCEICAO-RURAL | F8: BAIXA GRANDE | G8: EM EXECUÇÃO | I8: DIOGO CRUZ DOS SANTOS - MRA177595 | J8: =VLOOKUP(I8,DADOS!B:F,5,0) -> GILVANDO RIOS DA CRUZ - NTS025538 | K8: MANOEL GUSTAVO OLIVEIRA DOS S CONCEICAO - U464710 | L8: PLANO 14.4.12.1-LPT - ALTERAR P/ 7 | M8: QLP | N8: 46045 | O8: VISITA REALIZADA 23/01/2026 | P8: 46048 | Q8: 46049 | R8: 46058 | S8: 2026-12218 | T8: 46082 | U8: N/A | V8: 2026-12406 | W8: 46082 | X8: 2026-18084 | Y8: 46077 | Z8: APROVADA | AA8: 1048342 | AB8: E956424 AO E956430 | AC8: 1 | AD8: 0 | AE8: 7 | AF8: 1 | AH8: =AE8-AG8 -> 7 | AI8: =IF(OR(AE8=0, ISERR(AG8/AE8)), 0, AG8/AE8) -> 0 | AJ8: 1 | AK8: 46071 | AL8: 46073 | AP8: D217520 | AQ8: -12,024464 | AR8: -40.114233 | AS8: 72581.09 | AU8: =VLOOKUP(I8,DADOS!B:C,2,0) -> 2304 | AV8: =AE8*2480 -> 17360 | BA8: MUN-01N4 | BB8: H80955 | BG8: =BD8*BF8 -> 0 | BI8: D217520 | BJ8: ALTERAR ESTRUTURA DE N1 P/ N4 NO PG: D217520, FECHAR CHAVE NOVA PRÓXIMO AO PG: BBB E ENERGIZAR OBRA. | BK8: REVISADO APÓS ANÁLISE
A9: 9102362042 | B9: B-1235031 | C9: N/A | D9: N/A | E9: ER-SEIN-POV-LASCA GATO-RURAL | F9: BAIXA GRANDE | G9: PROGRAMADA | I9: FABIANO LOPES DE MORAES - MRA554506 | J9: =VLOOKUP(I9,DADOS!B:F,5,0) -> GILVANDO RIOS DA CRUZ - NTS025538 | K9: MANOEL GUSTAVO OLIVEIRA DOS S CONCEICAO - U464710 | L9: PLANO 7 | M9: QLP | N9: 46045 | O9: VISITA REALIZADA 23/01/2026 | P9: 46048 | Q9: 46049 | R9: 46058 | S9: 2026-12226 | T9: 46082 | U9: 2026-12302 | V9: 2026-12411 | W9: 46082 | X9: N/A | AA9: 1048343 | AB9: E956431 AO E956440 | AC9: 1 | AD9: 0 | AE9: 12 | AH9: =AE9-AG9 -> 12 | AI9: =IF(OR(AE9=0, ISERR(AG9/AE9)), 0, AG9/AE9) -> 0 | AJ9: 1 | AK9: 46076 | AL9: 46079 | AP9: E736173 | AQ9: -11,851623 | AR9: -40.218145 | AS9: 114878.17 | AU9: =VLOOKUP(I9,DADOS!B:C,2,0) -> 2326 | AV9: =AE9*2480 -> 29760 | BA9: MUN-01N4 | BB9: E21124 | BG9: =BD9*BF9 -> 0 | BI9: E736173 | BJ9: ALTERAR ESTRUTURA DE N3 P/ N4 NO PG: E736173, SUBSTITUIR POSTE L430520, FECHAR CHAVE NOVA PRÓBIMO AO PG: E736173 E ENERGIZAR OBRA. | BK9: REVISADO APÓS ANÁLISE
A10: 9102363788 | B10: B-1238776 | C10: N/A | D10: N/A | E10: ER-CIND-POV-ITALEGRE 45-RURAL | F10: BAIXA GRANDE | G10: PROGRAMADA | I10: DIOGO CRUZ DOS SANTOS - MRA177595 | J10: =VLOOKUP(I10,DADOS!B:F,5,0) -> GILVANDO RIOS DA CRUZ - NTS025538 | K10: MANOEL GUSTAVO OLIVEIRA DOS S CONCEICAO - U464710 | L10: PLANO 7 | M10: QLP | N10: 46045 | O10: VISITA REALIZADA 23/01/2026 | P10: 46042 | Q10: 46042 | R10: 46051 | S10: 2026-12228 | T10: 46082 | U10: N/A | V10: 2026-12416 | W10: 46082 | X10: N/A | AB10: E894734 | AC10: 1 | AD10: 0 | AE10: 1 | AH10: =AE10-AG10 -> 1 | AI10: =IF(OR(AE10=0, ISERR(AG10/AE10)), 0, AG10/AE10) -> 0 | AJ10: 1 | AK10: 46067 | AL10: 46067 | AP10: B739962 | AQ10: -11.865017 | AR10: -40.243591 | AS10: 11516.45 | AU10: =VLOOKUP(I10,DADOS!B:C,2,0) -> 2304 | AV10: =AE10*2480 -> 2480 | AW10: 0.063 | BA10: MUN-01N4 | BB10: G42012 | BG10: =BD10*BF10 -> 0 | BI10: B739962 | BJ10: INTERCALAR POSTE AT COM N1 ENTRE OS PG: B739962 - B739963, ENCABEÇAR RD BT NO PG: B739962 E ENERGIZAR OBRA. | BK10: REVISADO APÓS ANÁLISE
A11: 9102373521 | B11: B-1240667 | C11: N/A | D11: N/A | E11: ER-CIND-FAZ-SITIO LARANJEIRA-RURAL | F11: BAIXA GRANDE | G11: PROGRAMADA | I11: DIOGO CRUZ DOS SANTOS - MRA177595 | J11: =VLOOKUP(I11,DADOS!B:F,5,0) -> GILVANDO RIOS DA CRUZ - NTS025538 | K11: MANOEL GUSTAVO OLIVEIRA DOS S CONCEICAO - U464710 | L11: PLANO 7 | M11: QLP | N11: 46045 | O11: VISITA REALIZADA 23/01/2026 | P11: 46042 | Q11: 46042 | R11: 46051 | S11: 2026-12231 | T11: 46082 | U11: N/A | V11: 2026-12419 | W11: 46082 | X11: N/A | AB11: E903644 | AC11: 1 | AD11: 0 | AE11: 1 | AH11: =AE11-AG11 -> 1 | AI11: =IF(OR(AE11=0, ISERR(AG11/AE11)), 0, AG11/AE11) -> 0 | AJ11: 1 | AK11: 46067 | AL11: 46067 | AP11: E099562 | AQ11: -11.971381 | AR11: -40.174250 | AS11: 16346.65 | AU11: =VLOOKUP(I11,DADOS!B:C,2,0) -> 2304 | AV11: =AE11*2480 -> 2480 | AW11: 0.063 | BA11: MUN-01N4 | BB11: V01076 | BG11: =BD11*BF11 -> 0 | BI11: E099562 | BJ11: INTERCALAR POSTE AT COM N1 E TRAFO ENTRE OS PG: E099562 - E099563, FECHAR CHAVE NOVA PRÓBIMO AO PG: E099562 E ENERGIZAR OBRA. | BK11: REVISADO APÓS ANÁLISE
A12: 9102360609 | B12: B-1236128 | C12: B-1243671 | D12: B-1243676 | E12: ER-CIND-FAZ-ALGODOES-RURAL-CAEM | F12: CAEM | G12: ENERGIZADA | I12: RODRIGO SANTOS SILVA - MRA096553 | J12: =VLOOKUP(I12,DADOS!B:F,5,0) -> ETEMILSON OLIVEIRA SANTOS - NTS149530 | K12: NATALICIO MENDES DA SILVA - U107662 | L12: PLANO 14.4.12.1-LPT | M12: QLP | N12: 46042 | O12: VISITA REALIZADA 20/01/2026 - EXECUTAR CONFORME PROJETO 02 ADICIONAIS | P12: 46042 | Q12: 46042 | R12: 46052 | S12: 2026-21145 | T12: 46082 | U12: N/A | V12: 2026-12433 | W12: 46082 | X12: N/A | AB12: E930620 AOE930624/E930759AO E930765 | AC12: 2 | AD12: 2 | AE12: =8+4-2 -> 10 | AF12: 10 | AG12: 10 | AH12: =AE12-AG12 -> 0 | AI12: =IF(OR(AE12=0, ISERR(AG12/AE12)), 0, AG12/AE12) -> 1 | AJ12: 1 | AK12: 46055 | AL12: 46063 | AN12: 46066 | AO12: 2026-2-48838 | AP12: D229058 | AQ12: -11.120101 | AR12: -40.079290 | AS12: 90045.29 | AU12: =VLOOKUP(I12,DADOS!B:C,2,0) -> 2300 | AV12: =AE12*2480 -> 24800 | BA12: PON-01B4 | BB12: H84786 | BG12: =BD12*BF12 -> 0 | BI12: D229059 | BJ12: INTERCALAR POSTE AT COM B1-N3 ENTRE OS PG: D229059 - D229058, FECHAR CHAVE NOVA PRÓBIMO AO PG: D229058 E ENERGIZAR OBRA. | BK12: REVISADO APÓS ANÁLISE
A13: 9102361140 | B13: B-1236503 | C13: N/A | D13: N/A | E13: ER-CIND-FAZ-RECANTO-RURAL | F13: CAEM | G13: ENERGIZADA | I13: DOUGLAS DA SILVA MELO - MRA666519 | J13: =VLOOKUP(I13,DADOS!B:F,5,0) -> ETEMILSON OLIVEIRA SANTOS - NTS149530 | K13: NATALICIO MENDES DA SILVA - U107662 | L13: PLANO 7 | M13: QLP | N13: 46042 | O13: VISITA REALIZADA 20/01/2026 - EXECUTAR CONFORME PROJETO | P13: 46043 | Q13: 46043 | R13: 46052 | S13: 2026-12241 | T13: 46082 | U13: N/A | V13: 2026-12436 | W13: 46082 | X13: N/A | AB13: E930679 | AC13: 1 | AD13: 0 | AE13: 1 | AF13: 1 | AG13: 1 | AH13: =AE13-AG13 -> 0 | AI13: =IF(OR(AE13=0, ISERR(AG13/AE13)), 0, AG13/AE13) -> 1 | AJ13: 1 | AK13: 46055 | AL13: 46058 | AN13: 46066 | AO13: 2026-2-49411 | AP13: B667318 | AQ13: -11.164172 | AR13: -40.004242 | AS13: 17263.4 | AU13: =VLOOKUP(I13,DADOS!B:C,2,0) -> 2299 | AV13: =AE13*2480 -> 2480 | BA13: PON-01B4 | BB13: G36611 | BG13: =BD13*BF13 -> 0 | BI13: B667318 | BJ13: INTERCALAR POSTE AT COM N1 E TRAFO ENTRE OS PG: B667318 AO B667317, FECHAR CHAVE NOVA PRÓBIMO AO PG: B667317 E ENERGIZAR OBRA. | BK13: REVISADO APÓS ANÁLISE
A14: 9102365663 | B14: B-1238298 | C14: X-1243672 | D14: X-1243677 | E14: ER-CIND-FAZ-LARANJO-RURAL | F14: CAEM | G14: ENERGIZADA | I14: DOUGLAS DA SILVA MELO - MRA666519 | J14: =VLOOKUP(I14,DADOS!B:F,5,0) -> ETEMILSON OLIVEIRA SANTOS - NTS149530 | K14: NATALICIO MENDES DA SILVA - U107662 | L14: PLANO 7 | M14: QLP | N14: 46042 | O14: VISITA REALIZADA 20/01/2026 - EXECUATAR CONFORME PROJETO | P14: 46043 | Q14: 46043 | R14: 46052 | S14: 2026-12245 | T14: 46082 | U14: N/A | V14: =S14 -> 2026-12245 | W14: 46082 | X14: N/A | AB14: E930678 | AC14: 1 | AD14: 0 | AE14: 1 | AF14: 1 | AG14: 1 | AH14: =AE14-AG14 -> 0 | AI14: =IF(OR(AE14=0, ISERR(AG14/AE14)), 0, AG14/AE14) -> 1 | AJ14: 1 | AK14: 46055 | AL14: 46058 | AN14: 46056 | AO14: 2026-2-9763 | AP14: B861643 | AQ14: -11.076793 | AR14: -40.438206 | AS14: 7821.16 | AU14: =VLOOKUP(I14,DADOS!B:C,2,0) -> 2299 | AV14: =AE14*2480 -> 2480 | BA14: JCB-01M4 | BB14: H57804 | BG14: =BD14*BF14 -> 0 | BI14: D150682 | BJ14: INTERCALAR POSTE AT COM N1 ENTRE OS PG: D150682 - B747115, ENCABEÇAR RD BT NO PG: B861643 E ENERGIZAR OBRA. | BK14: REVISADO APÓS ANÁLISE
A15: 9101786013 | B15: B-1027853 | C15: N/A | D15: N/A | E15: AC-CIND-POV-PATOS-RURAL | F15: CALDEIRÃO GRANDE | G15: ENERGIZADA | I15: RODRIGO SANTOS SILVA - MRA096553 | J15: =VLOOKUP(I15,DADOS!B:F,5,0) -> ETEMILSON OLIVEIRA SANTOS - NTS149530 | K15: NATALICIO MENDES DA SILVA - U107662 | L15: PLANO 7 | M15: QLP OBRAS SIMPLIFICADAS | N15: 46041 | O15: VISITADA PELO ENCARREGADO RODRIGO/ CONFORME PROJETO | P15: 46041 | Q15: 46041 | R15: 46050 | S15: 2026-13278 | T15: 46082 | U15: N/A | V15: 2026-12446 | W15: 46082 | X15: N/A | AB15: E903638 AO E903639 | AC15: 3 | AD15: 0 | AE15: 2 | AF15: 2 | AG15: 2 | AH15: =AE15-AG15 -> 0 | AI15: =IF(OR(AE15=0, ISERR(AG15/AE15)), 0, AG15/AE15) -> 1 | AJ15: 1 | AK15: 46055 | AL15: 46059 | AN15: 46056 | AO15: 2026-2-10979 | AP15: D021106 | AQ15: -10.957561 | AR15: -40.301804 | AS15: 9647.55 | AU15: =VLOOKUP(I15,DADOS!B:C,2,0) -> 2300 | AV15: =AE15*2480 -> 4960 | AW15: 0.063 | BA15: SAU-01L3 | BB15: J51255 | BG15: =BD15*BF15 -> 0 | BI15: D021105 | BJ15: INTERCALAR POSTE AT COM N1 ENTRE OS PG: D021105 - D021106, ENCABEÇAR RD BT NO PG: D021106 E ENERGIZAR OBRA. | BK15: REVISADO APÓS ANÁLISE | BO15: x
A16: 9102148573 | B16: B-1171344 | C16: X-1247853 | D16: X-1248097 | E16: ER-CIND-POV-PATOS-RURAL | F16: CALDEIRÃO GRANDE | G16: ENERGIZADA | I16: RODRIGO SANTOS SILVA - MRA096553 | J16: =VLOOKUP(I16,DADOS!B:F,5,0) -> ETEMILSON OLIVEIRA SANTOS - NTS149530 | K16: NATALICIO MENDES DA SILVA - U107662 | L16: PLANO 7 | M16: LPT OBRAS SIMPLIFICADAS | N16: 46041 | O16: VISITADA PELO ENCARREGADO RODRIGO/ CONFORME PROJETO | P16: 46041 | Q16: 46041 | R16: 46050 | S16: N/A | T16: N/A | U16: N/A | V16: 2026-12341 | W16: 46082 | X16: N/A | AB16: E903640 E E903641 | AC16: 1 | AD16: 0 | AE16: 2 | AF16: 2 | AG16: 2 | AH16: =AE16-AG16 -> 0 | AI16: =IF(OR(AE16=0, ISERR(AG16/AE16)), 0, AG16/AE16) -> 1 | AJ16: 1 | AK16: 46055 | AL16: 46062 | AN16: 46056 | AO16: 2026-2-11124 | AP16: B418593 | AQ16: -10.996459 | AR16: -40.325955 | AS16: 17165.07 | AU16: =VLOOKUP(I16,DADOS!B:C,2,0) -> 2300 | AV16: =AE16*2480 -> 4960 | AW16: 0.124 | BA16: SAU-01L4 | BB16: G12648 | BG16: =BD16*BF16 -> 0 | BI16: B418593 | BJ16: ENCABEÇAR RD BT NO PG: B418593 E ENERGIZAR OBRA. | BK16: REVISADO APÓS ANÁLISE | BO16: x
A17: 9102244607 | B17: B-1201353 | C17: N/A | D17: N/A | E17: ER-COEL-AV-AG ALTO BONITO 99999-RURAL | F17: CALDEIRÃO GRANDE | G17: ENERGIZADA | I17: RODRIGO SANTOS SILVA - MRA096553 | J17: =VLOOKUP(I17,DADOS!B:F,5,0) -> ETEMILSON OLIVEIRA SANTOS - NTS149530 | K17: NATALICIO MENDES DA SILVA - U107662 | L17: PLANO 7 | M17: QLP | N17: 46041 | O17: VISITADA PELO ENCARREGADO RODRIGO/ CONFORME PROJETO | P17: 46041 | Q17: 46041 | R17: 46050 | S17: N/A | T17: N/A | U17: N/A | V17: =X17 -> 2026-10846 | W17: =Y17 -> 46059 | X17: 2026-10846 | Y17: 46059 | Z17: CONCLUÍDA | AB17: E903642 | AC17: 1 | AD17: 0 | AE17: 2 | AF17: 2 | AG17: 2 | AH17: =AE17-AG17 -> 0 | AI17: =IF(OR(AE17=0, ISERR(AG17/AE17)), 0, AG17/AE17) -> 1 | AJ17: 1 | AK17: 46055 | AL17: 46059 | AN17: 46059 | AO17: 2026-2-20648 | AP17: D090571 | AQ17: -11.017373 | AR17: -40.311217 | AS17: 13747.03 | AU17: =VLOOKUP(I17,DADOS!B:C,2,0) -> 2300 | AV17: =AE17*2480 -> 4960 | AX17: 0.033 | BA17: SAU-01L4 | BB17: J58072 | BG17: =BD17*BF17 -> 0 | BI17: D089153 | BJ17: ABRIR CHAVE DO TRAFO: BBB PARA SUBSTITUIR POSTE BT NO PG: D089153, DESATIVAR RD BT DO PG: D090571 AO D089153 E ENERGIZAR OBRA. | BK17: REVISADO APÓS ANÁLISE
A18: 9102361417 | B18: B-1240780 | C18: N/A | D18: N/A | E18: ER-CIND-FAZ-AGUA BOA-RURAL | F18: CAPIM GROSSO | G18: ENERGIZADA | I18: CAIQUE SILVA LIMA - MRA219559 | J18: =VLOOKUP(I18,DADOS!B:F,5,0) -> GILVANDO RIOS DA CRUZ - NTS025538 | K18: RAFAEL SANTOS DA CRUZ - U469504 | L18: PLANO 7 | M18: QLP | P18: 46042 | Q18: 46043 | R18: 46051 | S18: N/A | T18: N/A | U18: N/A | V18: 2026-12345 | W18: 46082 | X18: N/A | AB18: E903645 | AC18: 1 | AD18: 0 | AE18: 1 | AF18: 1 | AG18: 1 | AH18: =AE18-AG18 -> 0 | AI18: =IF(OR(AE18=0, ISERR(AG18/AE18)), 0, AG18/AE18) -> 1 | AJ18: 1 | AK18: 46060 | AL18: 46060 | AN18: 46058 | AO18: 2026-2-17620 | AP18: E310221 | AQ18: -11.360173 | AR18: -40.043791 | AS18: 5287.2 | AU18: =VLOOKUP(I18,DADOS!B:C,2,0) -> 2381 | AV18: =AE18*2480 -> 2480 | AW18: 0.063 | BA18: JCB-09N3 | BB18: V20645 | BG18: =BD18*BF18 -> 0 | BI18: E310221 | BJ18: ENCABEÇAR RD BT NO PG: E310221 E ENERGIZAR OBRA. | BK18: REVISADO APÓS ANÁLISE
A19: 9102359457 | B19: B-1240846 | C19: N/A | D19: N/A | E19: ER-CIND-FAZ-VARZEA DA CABRA-RURAL | F19: CAPIM GROSSO | G19: ENERGIZADA | I19: CAIQUE SILVA LIMA - MRA219559 | J19: =VLOOKUP(I19,DADOS!B:F,5,0) -> GILVANDO RIOS DA CRUZ - NTS025538 | K19: RAFAEL SANTOS DA CRUZ - U469504 | L19: PLANO 7 | M19: QLP | P19: 46042 | Q19: 46043 | R19: 46051 | S19: N/A | T19: N/A | U19: N/A | V19: 2026-12348 | W19: 46082 | X19: N/A | AB19: E903646 ao E903648 | AC19: 1 | AD19: 0 | AE19: 3 | AF19: 3 | AG19: 3 | AH19: =AE19-AG19 -> 0 | AI19: =IF(OR(AE19=0, ISERR(AG19/AE19)), 0, AG19/AE19) -> 1 | AJ19: 1 | AK19: 46060 | AL19: 46062 | AN19: 46058 | AO19: 2026-2-17169 | AP19: E337158 | AQ19: -11.359693 | AR19: -40.028273 | AS19: 16733.26 | AU19: =VLOOKUP(I19,DADOS!B:C,2,0) -> 2381 | AV19: =AE19*2480 -> 7440 | AW19: 0.185 | BA19: CGI-01F2 | BB19: G07847 | BG19: =BD19*BF19 -> 0 | BI19: E337158 | BJ19: ENCABEÇAR RD BT NO PG: E337158 E ENERGIZAR OBRA. | BK19: REVISADO APÓS ANÁLISE
A20: 9102355789 | B20: B-1237699 | C20: N/A | D20: N/A | E20: ER-CIND-RUA-DAS FLORES-VARZEA DA LAGE | F20: JACOBINA | G20: ENERGIZADA | I20: RODRIGO SANTOS SILVA - MRA096553 | J20: =VLOOKUP(I20,DADOS!B:F,5,0) -> ETEMILSON OLIVEIRA SANTOS - NTS149530 | K20: RICARDO SANTOS DE BRITO - U465100 | L20: PLANO 7 | M20: QLP | N20: 46044 | O20: VISITA REALIZADA - EXECUTAR CONFORME PROJETO | P20: 46044 | Q20: 46048 | R20: 46057 | S20: N/A | T20: N/A | U20: N/A | V20: 2026-17542 | W20: =Y20 | X20: N/A | Z20: CANCELADA | AB20: E956586 AO E956588 E956620 ao E956622 | AC20: 1 | AD20: 0 | AE20: 6 | AF20: 6 | AG20: 6 | AH20: =AE20-AG20 -> 0 | AI20: =IF(OR(AE20=0, ISERR(AG20/AE20)), 0, AG20/AE20) -> 1 | AJ20: 1 | AK20: 46055 | AL20: 46058 | AN20: 46057 | AO20: 2026-2-14656 | AP20: B916916 | AQ20: -11.223105 | AR20: -40.412976 | AS20: 16374.58 | AU20: =VLOOKUP(I20,DADOS!B:C,2,0) -> 2300 | AV20: =AE20*2480 -> 14880 | AW20: 0.21 | BA20: JCB-01M5 | BB20: J04397 | BG20: =BD20*BF20 -> 0 | BI20: R016254 | BJ20: ENCABEÇAR RD BT NO PG: B916916 E ENERGIZAR OBRA. | BK20: REVISADO APÓS ANÁLISE
A21: 9102371542 | B21: B-1240598 | C21: N/A | D21: N/A | E21: ER-CIND-FAZ-FONTE DO BENEDITO 12-CACHOEI | F21: JACOBINA | G21: ENERGIZADA | I21: RODRIGO SANTOS SILVA - MRA096553 | J21: =VLOOKUP(I21,DADOS!B:F,5,0) -> ETEMILSON OLIVEIRA SANTOS - NTS149530 | K21: RICARDO SANTOS DE BRITO - U465100 | L21: PLANO 7 | M21: QLP | N21: 46044 | O21: VISITA REALIZADA - EXECUTAR CONFORME PROJETO | P21: 46044 | Q21: 46048 | R21: 46057 | S21: N/A | T21: N/A | U21: N/A | V21: 2026-12357 | W21: 46082 | X21: N/A | AB21: E918328 e E918329 | AC21: 1 | AD21: 0 | AE21: 2 | AF21: 2 | AG21: 2 | AH21: =AE21-AG21 -> 0 | AI21: =IF(OR(AE21=0, ISERR(AG21/AE21)), 0, AG21/AE21) -> 1 | AJ21: 1 | AK21: 46063 | AL21: 46063 | AN21: 46056 | AO21: 2026-2-11359 | AP21: R017277 | AQ21: -11.343264 | AR21: -40.414341 | AS21: 11593.74 | AU21: =VLOOKUP(I21,DADOS!B:C,2,0) -> 2300 | AV21: =AE21*2480 -> 4960 | AW21: 0.156 | BA21: JCB-01M5 | BB21: J04038 | BG21: =BD21*BF21 -> 0 | BI21: B107042 | BJ21: ENCABEÇAR RD BT NO PG: B107042 E ENERGIZAR OBRA. | BK21: REVISADO APÓS ANÁLISE
A22: 9102364909 | B22: B-1240857 | C22: N/A | D22: N/A | E22: ER-CIND-POV-ANGICO 888-RURAL | F22: MAIRI | G22: ENERGIZADA | I22: FABIANO LOPES DE MORAES - MRA554506 | J22: GILVANDO RIOS DA CRUZ - NTS025538 | K22: MANOEL GUSTAVO OLIVEIRA DOS S CONCEICAO - U464710 | L22: PLANO 7 | M22: QLP | P22: 46049 | Q22: 46051 | R22: 46058 | S22: C/ DP | T22: N/A | U22: N/A | V22: =X22 -> 2026-10814 | W22: =Y22 -> 46065 | X22: 2026-10814 | Y22: 46065 | Z22: APROVADA | AA22: 1048348 | AB22: E956441 AO E956449 | AC22: 1 | AD22: 0 | AE22: 9 | AF22: 9 | AG22: =7+2 -> 9 | AH22: =AE22-AG22 -> 0 | AI22: =IF(OR(AE22=0, ISERR(AG22/AE22)), 0, AG22/AE22) -> 1 | AJ22: 1 | AK22: 46058 | AL22: 46065 | AN22: 46065 | AO22: 2026-2-44296 | AP22: E585411 | AQ22: -11.668491 | AR22: -40.292241 | AS22: 62721.97 | AU22: =VLOOKUP(I22,DADOS!B:C,2,0) -> 2326 | AV22: =AE22*2480 -> 22320 | BA22: MUN-01N6 | BB22: D03773 | BG22: =BD22*BF22 -> 0 | BI22: E585412 | BJ22: ABRIR CHAVE: D03773 PARA, SUBSTITUIR POSTES BT POR AT DO PG: E585412 AO E664653, REALOCAR TRAFO: D03781 PARA POSTE PG: E664653 E ENERGIZAR OBRA. | BK22: REVISADO APÓS ANÁLISE
A23: 9102369238 | B23: B-1241023 | C23: N/A | D23: N/A | E23: IP-PREF-RUA-ALTO DA BOA VISTA -RURAL | F23: MAIRI | G23: ENERGIZADA | I23: FABIANO LOPES DE MORAES - MRA554506 | J23: GILVANDO RIOS DA CRUZ - NTS025538 | K23: MANOEL GUSTAVO OLIVEIRA DOS S CONCEICAO - U464710 | L23: PLANO 7 | M23: QLP | P23: 46043 | Q23: 46044 | R23: 46051 | S23: N/A | T23: N/A | U23: N/A | V23: =X23 -> 2026-12006 | W23: =Y23 -> 46064 | X23: 2026-12006 | Y23: 46064 | Z23: APROVADA | AB23: E930680 E E930681 | AC23: 1 | AD23: 0 | AE23: 2 | AF23: 2 | AG23: 2 | AH23: =AE23-AG23 -> 0 | AI23: =IF(OR(AE23=0, ISERR(AG23/AE23)), 0, AG23/AE23) -> 1 | AJ23: 1 | AK23: 46057 | AL23: 46060 | AN23: 46064 | AO23: 2026-2-40761 | AP23: D359201 | AQ23: -11.668960 | AR23: -40.290484 | AS23: 11267.31 | AU23: =VLOOKUP(I23,DADOS!B:C,2,0) -> 2326 | AV23: =AE23*2480 -> 4960 | BA23: MUN-01N6 | BB23: T21022 | BG23: =BD23*BF23 -> 0 | BI23: L440460 | BJ23: ABRIR CHAVE: T21022 P/ INTRECALAR POSTE BT ENTRE OS PG: L440460 - L440471, ENCABEÇAR RD BT NO PG: L440471 E ENERGIZAR OBRA. | BK23: REVISADO APÓS ANÁLISE
A24: 9102356472 | B24: B-1239926 | C24: N/A | D24: N/A | E24: ER-CIND-POV CURRAL VELHO-RURAL | F24: MIGUEL CALMON | G24: ENERGIZADA | I24: EMERSON DE CARVALHO SILVA - MRA152590 | J24: =VLOOKUP(I24,DADOS!B:F,5,0) -> ETEMILSON OLIVEIRA SANTOS - NTS149530 | K24: NAILTON SANTANA PEREIRA FILHO - U344575 | L24: PLANO 7 | M24: QLP | N24: 46042 | O24: EXECUTAR CONFORME PROJETO / OBRA VISITADA | P24: 46043 | Q24: 46043 | R24: 46052 | S24: 2026-12250 | T24: 46082 | U24: N/A | V24: 2026-12447 | W24: 46082 | X24: N/A | AB24: E903649 E E903650 | AC24: 1 | AD24: 0 | AE24: 2 | AF24: 2 | AG24: 2 | AH24: =AE24-AG24 -> 0 | AI24: =IF(OR(AE24=0, ISERR(AG24/AE24)), 0, AG24/AE24) -> 1 | AJ24: 1 | AK24: 46055 | AL24: 46056 | AN24: 46056 | AO24: 2026-2-10388 | AP24: E673923 | AQ24: -11.289350 | AR24: -40.627003 | AS24: 20542.18 | AU24: =VLOOKUP(I24,DADOS!B:C,2,0) -> 2332 | AV24: =AE24*2480 -> 4960 | AW24: 0.063 | BA24: MCM-01J4 | BB24: D08573 | BG24: =BD24*BF24 -> 0 | BI24: E673923 | BJ24: INTERCALAR POSTE AT COM N1 E TRAFO ENTRE OS PG: E673923 - E673924, FECHAR CHAVE NOVA PRÓBIMO AO PG: E673923 E ENERGIZAR OBRA. | BK24: REVISADO APÓS ANÁLISE
A25: 9101089006 | B25: B-0823651 | E25: LD CIND POV FORMOSA RURAL | F25: MIGUEL CALMON | G25: CANCELADA | H25: OBRA JÁ EXECUTADA ATRAVÉS DO PROJETO Y-0895944 - UB-CIND-RUA JOS LUCIO-CENTRO-MGC - MIGUEL CALMON | I25: RODRIGO SANTOS SILVA - MRA096553 | J25: =VLOOKUP(I25,DADOS!B:F,5,0) -> ETEMILSON OLIVEIRA SANTOS - NTS149530 | K25: NAILTON SANTANA PEREIRA FILHO - U344575 | L25: PLANO 14.7.3-LPT | M25: LPT | N25: 45674 | O25: VISITADA PELO ENCARREGADO. | P25: FVP - 17/12/25 | U25: N/A | X25: N/A | AC25: 1 | AE25: 10 | AH25: =AE25-AG25 -> 10 | AI25: =IF(OR(AE25=0, ISERR(AG25/AE25)), 0, AG25/AE25) -> 0 | AP25: D537100 | AQ25: -11,427731 | AR25: -40,607950 | AS25: 42629.54 | AU25: =VLOOKUP(I25,DADOS!B:C,2,0) -> 2300 | AV25: =AE25*2480 -> 24800 | BA25: MCM-01J1 3#4 | BB25: J03454 | BG25: =BD25*BF25 -> 0 | BI25: D537100 | BJ25: MONTAR BANCADA COM N3 NO PG: D537100, FECHAR CHAVE NOVA PRÓBIMO AO PG: D537100 E ENERGIZAR OBRA. | BK25: .
A26: 9102355682 | B26: B-1236062 | C26: N/A | D26: N/A | E26: ER-CIND-FAZ-IPUEIRA DO SABIA-III 112 | F26: MUNDO NOVO | G26: EM EXECUÇÃO | I26: CARLOS DA CRUZ SANTANA - MRA258541 | J26: =VLOOKUP(I26,DADOS!B:F,5,0) -> ETEMILSON OLIVEIRA SANTOS - NTS149530 | K26: NAILTON SANTANA PEREIRA FILHO - U344575 | L26: PLANO 7 | M26: QLP | P26: 46050 | Q26: 46050 | R26: 46057 | S26: 2026-21170 | T26: 46082 | U26: N/A | V26: 2026-12461 | W26: 46082 | X26: N/A | AA26: 1048350 | AB26: E956450 AO E956459 | AC26: 1 | AD26: 0 | AE26: 10 | AF26: 10 | AG26: 9 | AH26: =AE26-AG26 -> 1 | AI26: =IF(OR(AE26=0, ISERR(AG26/AE26)), 0, AG26/AE26) -> 0.9 | AJ26: 1 | AK26: 46055 | AL26: 46062 | AP26: L398204 | AQ26: -11.763451 | AR26: -40.425355 | AS26: 78903.84 | AU26: =VLOOKUP(I26,DADOS!B:C,2,0) -> 2349 | AV26: =AE26*2480 -> 24800 | AW26: 0.063 | BA26: MUN-01N5 | BB26: DJ:J03289 | BG26: =BD26*BF26 -> 0 | BI26: L398206 | BJ26: INTERCALAR POSTE AT COM N1-3 ENTRE OS PG: L398206 - L398204, FECHAR CHAVE NOVA PRÓBIMO AO PG: L398206 E ENERGIZAR OBRA. | BK26: REVISADO APÓS ANÁLISE
A27: 9102052168 | B27: B-1137720 | E27: ER-CIND-POV-LAGEDO-RURAL | F27: CAPIM GROSSO | G27: RETIRADA DA CARTEIRA | H27: DIRECIONADA PARA EPS DÍNAMO | I27: CAIQUE SILVA LIMA - MRA219559 | J27: =VLOOKUP(I27,DADOS!B:F,5,0) -> GILVANDO RIOS DA CRUZ - NTS025538 | L27: PLANO 14.4.12.1-LPT | M27: LPT | P27: 46051 | Q27: 46051 | S27: N/A | U27: N/A | V27: 2026-14484 | X27: N/A | AB27: E956629 AO E956632 | AC27: 1 | AE27: 4 | AH27: =AE27-AG27 -> 4 | AI27: =IF(OR(AE27=0, ISERR(AG27/AE27)), 0, AG27/AE27) -> 0 | AJ27: 1 | AP27: E474676 | AQ27: -11,313755 | AR27: -40,038778 | AS27: 24831.28 | AU27: =VLOOKUP(I27,DADOS!B:C,2,0) -> 2381 | AV27: =AE27*2480 -> 9920 | AW27: 0.25 | BA27: CGI-01F1 | BB27: V45697 | BG27: =BD27*BF27 -> 0 | BI27: E474676 | BJ27: ENCABEÇAR RD BT NO PG: E474676 E ENERGIZAR OBRA. | BK27: .
A28: 9102338765 | B28: B-1226969 | C28: N/A | D28: N/A | E28: ER-CIND-SI-VOVO ZEZE-MUNDO NOVO | F28: MUNDO NOVO | G28: ENERGIZADA | I28: CARLOS DA CRUZ SANTANA - MRA258541 | J28: =VLOOKUP(I28,DADOS!B:F,5,0) -> ETEMILSON OLIVEIRA SANTOS - NTS149530 | K28: NAILTON SANTANA PEREIRA FILHO - U344575 | L28: PLANO 7 | M28: QLP | P28: 46008 | Q28: 19/12/25 - RE 07/01/26 | R28: 46050 | S28: 2026-12261 | T28: 46082 | U28: N/A | V28: 2026-12467 | W28: 46082 | X28: N/A | AB28: E852101 AO E852103 | AC28: 1 | AD28: 0 | AE28: 3 | AF28: 3 | AG28: 3 | AH28: 0 | AI28: 0 | AJ28: 1 | AK28: 46039 | AL28: 46057 | AN28: 46064 | AO28: 2026-2-42464 | AP28: L432383 | AQ28: -11,867991 | AR28: -40,439564 | AS28: 39472.1 | AU28: 2381 | AV28: 7440 | BA28: MUN-01N4 3#4 | BB28: T16242 | BG28: 0 | BI28: L432383 | BJ28: MONTAR BANCADA COM N3 NO PG: L432383, FECHAR CHAVE NOVA PRÓBIMO AO PG: L432383 E ENERGIZAR OBRA. | BK28: REVISADO APÓS ANÁLISE
A29: 9102359580 | B29: B-1235320 | C29: N/A | D29: N/A | E29: ER-CIND-POV-TAPIRANGA 500-RR-TAPIRANGA | F29: MIGUEL CALMON | G29: ENERGIZADA | I29: EMERSON DE CARVALHO SILVA - MRA152590 | J29: ETEMILSON OLIVEIRA SANTOS - NTS149530 | K29: NAILTON SANTANA PEREIRA FILHO - U344575 | L29: PLANO 7 | M29: QLP | N29: 46008 | P29: 46038 | Q29: 46041 | R29: 46050 | S29: 2026-12262 | T29: 46082 | U29: N/A | V29: 2026-12479 | W29: 46082 | X29: N/A | AB29: E920022 AO E920033 | AC29: 1 | AD29: 0 | AE29: 12 | AF29: 12 | AG29: 12 | AH29: =AE29-AG29 -> 0 | AI29: 0 | AJ29: 1 | AK29: 46028 | AL29: 46058 | AN29: 46056 | AO29: 2026-2-11427 | AP29: R040683 | AQ29: -11,451460 | AR29: -40,411330 | AS29: 132499.92 | AU29: 2332 | AV29: 29760 | AW29: 0.11 | BA29: MCM-01J2 | BB29: W70427 | BG29: 0 | BI29: R040683 | BJ29: INTERCALAR POSTE AT COM N1-3 ENTRE OS PG: R040683 - R040682, FECHAR CHAVE NOVA PRÓBIMO AO PG: R040683 E ENERGIZAR OBRA. | BK29: REVISADO APÓS ANÁLISE | BO29: Aguardando revisão de orcamento
A30: 9102355339 | B30: B-1238642 | C30: N/A | D30: N/A | E30: ER-CIND-POV VARZEA DE FORA-RURAL | F30: OUROLÂNDIA | G30: ENERGIZADA | I30: CLEBSON REIS NETO - MRA148601 | J30: =VLOOKUP(I30,DADOS!B:F,5,0) -> ETEMILSON OLIVEIRA SANTOS - NTS149530 | K30: ERIC TEIXEIRA OLIVEIRA BARBOSA - U361045 | L30: PLANO 7 | M30: QLP | N30: 46041 | P30: 46041 | Q30: 46042 | R30: 46052 | S30: N/A | T30: N/A | U30: N/A | V30: 2026-12365 | W30: 46082 | X30: N/A | AB30: E877204 AO E877207 | AC30: 1 | AD30: 0 | AE30: 4 | AF30: 4 | AG30: 4 | AH30: =AE30-AG30 -> 0 | AI30: =IF(OR(AE30=0, ISERR(AG30/AE30)), 0, AG30/AE30) -> 1 | AJ30: 1 | AK30: 46055 | AL30: 46056 | AN30: 46055 | AO30: 2026-2-6893 | AP30: R028897 | AQ30: -11.018339 | AR30: -41.109615 | AS30: 19010.72 | AU30: =VLOOKUP(I30,DADOS!B:C,2,0) -> 2303 | AV30: =AE30*2480 -> 9920 | AW30: 0.25 | BA30: JCB-09N4 | BB30: J04007 | BG30: =BD30*BF30 -> 0 | BI30: R028897 | BJ30: ENCABEÇAR RD BT NO PG: R028897 E ENERGIZAR OBRA. | BK30: REVISADO APÓS ANÁLISE
A31: 9102361504 | B31: B-1234938 | C31: N/A | D31: N/A | E31: ER-CIND-FAZ-VARZEA DO PEDRO-RURAL | F31: SAÚDE | G31: EM EXECUÇÃO | H31: ABRIR OC DE ENERGIZAÇÃO DIA 16/02 | I31: DOUGLAS DA SILVA MELO - MRA666519 | J31: =VLOOKUP(I31,DADOS!B:F,5,0) -> ETEMILSON OLIVEIRA SANTOS - NTS149530 | K31: NATALICIO MENDES DA SILVA - U107662 | L31: PLANO 7 | M31: QLP | N31: 46041 | O31: EXECUTAR CONFOR PROJETO | P31: 46042 | Q31: 46042 | R31: 46052 | S31: 2026-12266 | T31: 46082 | U31: N/A | V31: 2026-12480 | W31: 46082 | X31: N/A | Z31: CANCELADA | AA31: 1048351 | AB31: E956460 AO E956481 | AC31: 2 | AD31: 0 | AE31: =22+1 -> 23 | AF31: 15 | AG31: 15 | AH31: 0 | AI31: =IF(OR(AE31=0, ISERR(AG31/AE31)), 0, AG31/AE31) -> 0.65217391 | AJ31: 1 | AK31: 46057 | AL31: 46070 | AP31: D778089 | AQ31: -11.016102 | AR31: -40.399589 | AS31: 203331.72 | AU31: =VLOOKUP(I31,DADOS!B:C,2,0) -> 2299 | AV31: =AE31*2480 -> 57040 | AW31: 0.22 | BA31: SAU-01L2 | BB31: N81161 | BG31: =BD31*BF31 -> 0 | BI31: D778089 | BJ31: ALTERAR ESTRUTURA DE N3 P/ N4 NO PG: D778089, FECHAR CHAVE NOVA PRÓBIMO AO PG: D778089 E ENERGIZAR OBRA. | BK31: REVISADO APÓS ANÁLISE
A32: 9102364490 | B32: B-1240504 | C32: N/A | D32: N/A | E32: AC-CIND-RUA-LAURO TEIXEIRA-PECUARIA | F32: SAÚDE | G32: ENERGIZADA | I32: DOUGLAS DA SILVA MELO - MRA666519 | J32: =VLOOKUP(I32,DADOS!B:F,5,0) -> ETEMILSON OLIVEIRA SANTOS - NTS149530 | K32: NATALICIO MENDES DA SILVA - U107662 | L32: PLANO 7 | M32: QLP | N32: 46041 | O32: EXECUTAR CONFOR PROJETO | P32: 46041 | Q32: 46049 | R32: 46057 | S32: N/A | T32: N/A | U32: N/A | V32: 2026-12381 | W32: 46082 | X32: N/A | AB32: E930601 | AC32: 1 | AD32: 0 | AE32: 1 | AF32: 1 | AG32: 1 | AH32: =AE32-AG32 -> 0 | AI32: =IF(OR(AE32=0, ISERR(AG32/AE32)), 0, AG32/AE32) -> 1 | AJ32: 1 | AK32: 46055 | AL32: 46056 | AN32: 46056 | AO32: 2026-2-11435 | AP32: B763290 | AQ32: -10.949047 | AR32: -40.421957 | AS32: 7792.49 | AU32: =VLOOKUP(I32,DADOS!B:C,2,0) -> 2299 | AV32: =AE32*2480 -> 2480 | AW32: 0.052 | BA32: SAU-01L2 | BB32: N43355 | BG32: =BD32*BF32 -> 0 | BI32: B763290 | BJ32: ENCABEÇAR RD BT NO PG: B763290 E ENERGIZAR OBRA. | BK32: REVISADO APÓS ANÁLISE
A33: 9102354346 | B33: B-1234334 | C33: B-1242660 | D33: B-1242662 | E33: ER-CIND-TRV-MANOEL MACIEL-ROCADINHO | F33: SERROLÂNDIA | G33: ENERGIZADA | I33: LUCIANO NUNES DA SILVA - MRA252517 | J33: =VLOOKUP(I33,DADOS!B:F,5,0) -> GILVANDO RIOS DA CRUZ - NTS025538 | K33: RAFAEL SANTOS DA CRUZ - U469504 | L33: PLANO 14.4.12.1-LPT | M33: QLP | N33: 46044 | O33: VISITA REALIZADA 22/01/2026 | P33: 46044 | Q33: 46049 | R33: 46058 | S33: 2026-12274 | T33: 46082 | U33: N/A | V33: 2026-12485 | W33: 46082 | X33: N/A | AA33: 1048354 | AB33: E956482 AO E956491 | AC33: =1+1 -> 2 | AD33: 2 | AE33: 10 | AF33: 10 | AG33: =6+3+1 -> 10 | AH33: =AE33-AG33 -> 0 | AI33: =IF(OR(AE33=0, ISERR(AG33/AE33)), 0, AG33/AE33) -> 1 | AJ33: 1 | AK33: 46058 | AL33: 46066 | AN33: 46066 | AO33: 2026-2-47953 | AP33: B645742 | AQ33: -11.374587 | AR33: -40.330970 | AS33: 75307.7 | AU33: =VLOOKUP(I33,DADOS!B:C,2,0) -> 2305 | AV33: =AE33*2480 -> 24800 | BA33: SRL-01P1 | BB33: G44373 | BG33: =BD33*BF33 -> 0 | BI33: B645743 | BJ33: INTERCALAR POSTE AT COM N1 E TRAFO, ENTRE OS PG: B645743 - B645742, FECHAR CHAVE NOVA PRÓBIMO AO PG: B645742 E ENERGIZAR OBRA. | BK33: REVISADO APÓS ANÁLISE
A34: 9102365044 | B34: B-1236459 | C34: N/A | D34: N/A | E34: ER-CIND-RUA-DEOCLECIANO MELLO -SALAMIM | F34: SERROLÂNDIA | G34: EM EXECUÇÃO | H34: MELHORAMENTO | I34: LUCIANO NUNES DA SILVA - MRA252517 | J34: =VLOOKUP(I34,DADOS!B:F,5,0) -> GILVANDO RIOS DA CRUZ - NTS025538 | K34: RAFAEL SANTOS DA CRUZ - U469504 | L34: PLANO 7 | M34: QLP | N34: 46044 | O34: VISITA REALIZADA 22/01/2026 | P34: 46044 | Q34: 46049 | R34: 46058 | S34: C/ DP | T34: N/A | U34: 2026-12306 | V34: =X34 -> 2026-20365 | W34: =Y34 -> 46079 | X34: 2026-20365 | Y34: 46079 | Z34: APROVADA | AA34: 1048356 | AB34: E956492 AO E956501 | AC34: 1 | AD34: 0 | AE34: 10 | AF34: 7 | AG34: 7 | AH34: =AE34-AG34 -> 3 | AI34: =IF(OR(AE34=0, ISERR(AG34/AE34)), 0, AG34/AE34) -> 0.7 | AJ34: 1 | AK34: 46057 | AL34: 46063 | AP34: R000942 | AQ34: -11.351447 | AR34: -40.275503 | AS34: 127629.54 | AU34: =VLOOKUP(I34,DADOS!B:C,2,0) -> 2305 | AV34: =AE34*2480 -> 24800 | BA34: JCB-09N3 | BB34: J02166 | BG34: =BD34*BF34 -> 0 | BI34: R000939 | BJ34: ABRIR CHAVE: J02166 PARA SUBST. PT AT NO PG: R000939, SUBST. PTS. BT POR AT DO PG: R000940 AO R000941, SUBST. RD BT DO PG: R000941 AO R000938 AO R000942 E ENERGIZAR OBRA. | BK34: REVISADO APÓS ANÁLISE
A35: 9101979776 | B35: B-1115455 | C35: Y-1247703 | D35: Y-1248010 | E35: ER-CIND-FAZ-GRUNA-RURAL | F35: UMBURANAS | G35: EM EXECUÇÃO | I35: GERALDO DA COSTA GOMES - MRA571535 | J35: =VLOOKUP(I35,DADOS!B:F,5,0) -> ETEMILSON OLIVEIRA SANTOS - NTS149530 | K35: ERIC TEIXEIRA OLIVEIRA BARBOSA - U361045 | L35: PLANO 14.4.12.1-LPT | M35: LPT | N35: 46041 | O35: EXECUTAR CONFORME PROJETO | P35: 46041 | Q35: 46041 | R35: 46050 | S35: 2026-12276 | T35: 46082 | U35: 2026-12317 | V35: 2026-12488 | W35: 46082 | X35: N/A | AB35: E930612 AO E930617 | AC35: 1 | AD35: 1 | AE35: 12 | AF35: 12 | AG35: 11 | AH35: =AE35-AG35 -> 1 | AI35: =IF(OR(AE35=0, ISERR(AG35/AE35)), 0, AG35/AE35) -> 0.91666667 | AJ35: 1 | AK35: 46076 | AL35: 46080 | AP35: B738842 | AQ35: -10.664751 | AR35: -41.424293 | AS35: 95755.37 | AU35: =VLOOKUP(I35,DADOS!B:C,2,0) -> 2302 | AV35: =AE35*2480 -> 29760 | AW35: 0.062 | BA35: UBR-01C1 | BB35: G64665 | BG35: =BD35*BF35 -> 0 | BI35: B738842 | BJ35: ALTERAR ESTRUTURA DE N3 P/ N4 NO PG: B738842, FECHAR CHAVE NOVA PRÓBIMO AO PG: BBB E ENERGIZAR OBRA. | BK35: REVISADO APÓS ANÁLISE
A36: 9102362248 | B36: B-1237883 | C36: N/A | D36: N/A | E36: ER-CIND-RUA-CAMPO FORMOSO 1010-RURAL | F36: UMBURANAS | G36: EM EXECUÇÃO | I36: GERALDO DA COSTA GOMES - MRA571535 | J36: =VLOOKUP(I36,DADOS!B:F,5,0) -> ETEMILSON OLIVEIRA SANTOS - NTS149530 | K36: ERIC TEIXEIRA OLIVEIRA BARBOSA - U361045 | L36: PLANO 7 | M36: QLP | N36: 46039 | O36: EXECUTAR CONFORME PROJETO | P36: 46038 | Q36: 46041 | R36: 46050 | S36: 2026-12281 | T36: 46082 | U36: 2026-12318 | V36: 2026-12491 | W36: 46082 | X36: N/A | AA36: 1048359 | AB36: E956502 AO E956517 | AC36: =1+1 -> 2 | AD36: 0 | AE36: =16+2 -> 18 | AF36: 18 | AG36: 18 | AH36: =AE36-AG36 -> 0 | AI36: =IF(OR(AE36=0, ISERR(AG36/AE36)), 0, AG36/AE36) -> 1 | AJ36: 1 | AK36: 46071 | AL36: 46077 | AP36: E161193 | AQ36: -10.447725 | AR36: -41.191783 | AS36: 113323.63 | AU36: =VLOOKUP(I36,DADOS!B:C,2,0) -> 2302 | AV36: =AE36*2480 -> 44640 | AW36: 0.052 | BA36: UBR-01C1 | BB36: V10859 | BG36: =BD36*BF36 -> 0 | BI36: E161193 | BJ36: ALTERAR ESTRUTURA DE N3 P/ N4 NO PG: E161193, FECHAR CHAVE NOVA PRÓBIMO AO PG: E161193 E ENERGIZAR OBRA. | BK36: REVISADO APÓS ANÁLISE
A37: 9102358822 | B37: B-1238383 | C37: N/A | D37: N/A | E37: UB-CIND-RUA-BARRIGUDA DELFINO-RURAL | F37: UMBURANAS | G37: EM EXECUÇÃO | I37: GERALDO DA COSTA GOMES - MRA571535 | J37: =VLOOKUP(I37,DADOS!B:F,5,0) -> ETEMILSON OLIVEIRA SANTOS - NTS149530 | K37: ERIC TEIXEIRA OLIVEIRA BARBOSA - U361045 | L37: PLANO 7 | M37: QLP | N37: 46041 | O37: EXECUTAR CONFORME PROJETO | P37: 46041 | Q37: 46041 | R37: 46050 | S37: 2026-12283 | T37: 46082 | U37: N/A | V37: 2026-12495 | W37: 46082 | X37: N/A | AA37: 1048362 | AB37: E956518 AO E956529 / E956638 AOE956654 | AC37: 4 | AD37: 0 | AE37: 29 | AF37: =20+8 -> 28 | AG37: =14+6 -> 20 | AH37: =AE37-AG37 -> 9 | AI37: =IF(OR(AE37=0, ISERR(AG37/AE37)), 0, AG37/AE37) -> 0.68965517 | AJ37: 1 | AK37: 46055 | AL37: 46071 | AP37: R038942 | AQ37: -10.46224984 | AR37: -41.2123987 | AS37: 232509.01 | AU37: =VLOOKUP(I37,DADOS!B:C,2,0) -> 2302 | AV37: =AE37*2480 -> 71920 | AW37: 0.552 | BA37: UBR-01C1 | BB37: J08457 | BG37: =BD37*BF37 -> 0 | BI37: R038942 | BJ37: INTERCALAR POSTE AT COM N1 E TRAFO ENTRE OS PG: R038942 - R038943, FECHAR CHAVE NOVA PRÓBIMO AO PG: R038942 E ENERGIZAR OBRA. | BK37: REVISADO APÓS ANÁLISE
A38: 9102359846 | B38: B-1238773 | C38: N/A | D38: N/A | E38: ER-CIND-RUA-BARRIGA DELFINO-RURAL | F38: UMBURANAS | G38: PROGRAMADA | I38: GERALDO DA COSTA GOMES - MRA571535 | J38: =VLOOKUP(I38,DADOS!B:F,5,0) -> ETEMILSON OLIVEIRA SANTOS - NTS149530 | K38: ERIC TEIXEIRA OLIVEIRA BARBOSA - U361045 | L38: PLANO 7 | M38: QLP | N38: 46039 | O38: EXECUTAR CONFORME PROJETO | P38: 46041 | Q38: 46041 | R38: 46050 | S38: 2026-12285 | T38: 46082 | U38: N/A | V38: 2026-12499 | W38: 46082 | X38: N/A | AB38: E930599 AO E930600 | AC38: 1 | AD38: 0 | AE38: 2 | AH38: =AE38-AG38 -> 2 | AI38: =IF(OR(AE38=0, ISERR(AG38/AE38)), 0, AG38/AE38) -> 0 | AJ38: 1 | AK38: 46059 | AL38: 46059 | AP38: R071694 | AQ38: -10.456223 | AR38: -41.206317 | AS38: 27635.8 | AU38: =VLOOKUP(I38,DADOS!B:C,2,0) -> 2302 | AV38: =AE38*2480 -> 4960 | AW38: 0.062 | BA38: UBR-01C1 | BB38: J08457 | BG38: =BD38*BF38 -> 0 | BI38: R071694 | BJ38: INTERCALAR POSTE AT COM N1 E TRAFO ENTRE OS PG: R071694 - R071695, FECHAR CHAVE NOVA PRÓBIMO AO PG: R071694 E ENERGIZAR OBRA. | BK38: REVISADO APÓS ANÁLISE
A39: 9102359868 | B39: B-1239016 | C39: N/A | D39: N/A | E39: ER-CIND-POV-NOVO DELFINO 26-UMBURANAS | F39: UMBURANAS | G39: EM EXECUÇÃO | I39: GERALDO DA COSTA GOMES - MRA571535 | J39: =VLOOKUP(I39,DADOS!B:F,5,0) -> ETEMILSON OLIVEIRA SANTOS - NTS149530 | K39: ERIC TEIXEIRA OLIVEIRA BARBOSA - U361045 | L39: PLANO 7 | M39: QLP | N39: 46038 | O39: EXECUTAR CONFORME PROJETO | P39: 46038 | Q39: 46041 | R39: 46050 | S39: 2026-12286 | T39: 46082 | U39: N/A | V39: 2026-12502 | W39: 46082 | X39: N/A | AA39: 1048364 | AB39: E956530 AO E956554 | AC39: 1 | AD39: 0 | AE39: 25 | AF39: =6+8+11 -> 25 | AG39: =6+9+6 -> 21 | AH39: =AE39-AG39 -> 4 | AI39: =IF(OR(AE39=0, ISERR(AG39/AE39)), 0, AG39/AE39) -> 0.84 | AJ39: 1 | AK39: 46055 | AL39: 46066 | AP39: B343837 | AQ39: -10.46217077 | AR39: -41.18516225 | AS39: 171148.95 | AU39: =VLOOKUP(I39,DADOS!B:C,2,0) -> 2302 | AV39: =AE39*2480 -> 62000 | AW39: 0.219 | BA39: UBR-01C1 | BB39: G06593 | BG39: =BD39*BF39 -> 0 | BI39: B343837 | BJ39: INTERCALAR POSTE AT COM N1-3 ENTRE OS PG: B343837 - B343838, FECHAR CHAVE NOVA PRÓBIMO AO PG: B343837 E ENERGIZAR OBRA. | BK39: REVISADO APÓS ANÁLISE
A40: 9102347454 | B40: B-1233878 | C40: N/A | D40: N/A | E40: ER-CIND-FAZ-VARZEA DA ROCA-BARRACAS | F40: VÁRZEA DA ROÇA | G40: ENERGIZADA | I40: CAIQUE SILVA LIMA - MRA219559 | J40: =VLOOKUP(I40,DADOS!B:F,5,0) -> GILVANDO RIOS DA CRUZ - NTS025538 | K40: MANOEL GUSTAVO OLIVEIRA DOS S CONCEICAO - U464710 | L40: PLANO 7 | M40: QLP | P40: 46043 | Q40: 46049 | R40: 46058 | S40: N/A | T40: N/A | U40: N/A | V40: 2026-12385 | W40: 46082 | X40: N/A | AB40: E920034 AO E920036 | AC40: 1 | AD40: 0 | AE40: 3 | AF40: 3 | AG40: 3 | AH40: =AE40-AG40 -> 0 | AI40: =IF(OR(AE40=0, ISERR(AG40/AE40)), 0, AG40/AE40) -> 1 | AJ40: 1 | AK40: 46365 | AL40: 46068 | AN40: 46059 | AO40: 2026-2-21085 | AP40: B522436 | AQ40: -11.620560 | AR40: -40.157010 | AS40: 18756.41 | AU40: =VLOOKUP(I40,DADOS!B:C,2,0) -> 2381 | AV40: =AE40*2480 -> 7440 | BA40: VDR-01V2 | BB40: G28710 | BG40: =BD40*BF40 -> 0 | BI40: B522436 | BJ40: ENCABEÇAR RD BT NO PG: B522436 E ENERGIZAR OBRA. | BK40: REVISADO APÓS ANÁLISE | BO40: x
A41: 9102365647 | B41: B-1238037 | C41: B-1242374 | D41: B-1242378 | E41: ER-CIND-FAZ-VARZEA COMPRIDA-RURAL | F41: VÁRZEA DA ROÇA | G41: ENERGIZADA | I41: FABIANO LOPES DE MORAES - MRA554506 | J41: =VLOOKUP(I41,DADOS!B:F,5,0) -> GILVANDO RIOS DA CRUZ - NTS025538 | K41: MANOEL GUSTAVO OLIVEIRA DOS S CONCEICAO - U464710 | L41: PLANO 7 | M41: QLP | N41: 46046 | O41: DERIVAÇÃO OK CONFORME PROJETO | P41: 46045 | Q41: 46049 | R41: 46051 | S41: 2026-12287 | T41: 46082 | U41: 2026-12321 | V41: =X41 -> 2026-10819 | W41: =Y41 -> 46066 | X41: 2026-10819 | Y41: 46066 | Z41: APROVADA | AA41: 1048367 | AB41: E956555 AO E956570 | AC41: =1+2 -> 3 | AD41: 0 | AE41: 16 | AF41: =11+5 -> 16 | AG41: =4+6+6 -> 16 | AH41: =AE41-AG41 -> 0 | AI41: =IF(OR(AE41=0, ISERR(AG41/AE41)), 0, AG41/AE41) -> 1 | AJ41: 1 | AK41: 46057 | AL41: 46066 | AN41: 46066 | AO41: 2026-2-48005 | AP41: E252655 | AQ41: -11.628975 | AR41: -40.141494 | AS41: 131144.45 | AU41: =VLOOKUP(I41,DADOS!B:C,2,0) -> 2326 | AV41: =AE41*2480 -> 39680 | BA41: VDR-01V1 | BB41: T20447 | BG41: =BD41*BF41 -> 0 | BI41: E252655 | BJ41: MONTAR BANCADA COM N3 NO PG: E252655, FECHAR CHAVE NOVA PRÓBIMO AO PG: E252655 E ENERGIZAR OBRA. | BK41: REVISADO APÓS ANÁLISE
A42: 9101691639 | B42: B-0998620 | E42: ER-CIND-POV-VARZEA GRANDE-RURAL | F42: VÁRZEA DA ROÇA | G42: RETIRADA DA CARTEIRA | H42: OBRA INICIADA PELA EPS DÍNAMO 14 POSTES JÁ IMPLANTADOS, C/ ESTR. PARCIAIS. DIRECIONADA PARA EPS DÍNAMO | I42: FABIANO LOPES DE MORAES - MRA554506 | J42: =VLOOKUP(I42,DADOS!B:F,5,0) -> GILVANDO RIOS DA CRUZ - NTS025538 | K42: MANOEL GUSTAVO OLIVEIRA DOS S CONCEICAO - U464710 | L42: PLANO 14.4.12.1-LPT | M42: LPT | N42: 46048 | Z42: CANCELADA | AA42: 1048369 | AB42: E956571 AO E956585 | AC42: 1 | AE42: 15 | AH42: =AE42-AG42 -> 15 | AI42: =IF(OR(AE42=0, ISERR(AG42/AE42)), 0, AG42/AE42) -> 0 | AJ42: 1 | AK42: 46058 | AL42: 46070 | AP42: L439989 | AQ42: -11.580191 | AR42: -40.021516 | AS42: 154733.93 | AU42: =VLOOKUP(I42,DADOS!B:C,2,0) -> 2326 | AV42: =AE42*2480 -> 37200 | BA42: MUN-01N5 | BB42: T20569 | BG42: =BD42*BF42 -> 0 | BI42: L439989 | BJ42: ALTERAR ESTRUTURA DE N3 P/ N4 NO PG: L439989, FECHAR CHAVE NOVA PRÓBIMO AO PG: L439989 E ENERGIZAR OBRA. | BK42: .
A43: 9102156043 | B43: B-1176075 | C43: X-1247692 | D43: X-1248000 | E43: ER-CIND-FAZ-BAIXA DO MEREIRA-RURAL | F43: VÁRZEA DO POÇO | G43: ENERGIZADA | I43: CAIQUE SILVA LIMA - MRA219559 | J43: GILVANDO RIOS DA CRUZ - NTS025538 | K43: RAFAEL SANTOS DA CRUZ - U469504 | L43: PLANO 7 | M43: LPT OBRAS SIMPLIFICADAS | P43: 46043 | Q43: 46049 | R43: 46056 | S43: 2026-12289 | T43: 46082 | U43: N/A | V43: =S43 -> 2026-12289 | W43: 46082 | X43: N/A | AB43: E930677 | AC43: 1 | AD43: 0 | AE43: 1 | AF43: 1 | AG43: 1 | AH43: =AE43-AG43 -> 0 | AI43: =IF(OR(AE43=0, ISERR(AG43/AE43)), 0, AG43/AE43) -> 1 | AJ43: 1 | AK43: 46067 | AL43: 46067 | AN43: 46056 | AO43: 2026-2-10664 | AP43: B181508 | AQ43: -11.549537 | AR43: -40.286031 | AS43: 8488.48 | AU43: =VLOOKUP(I43,DADOS!B:C,2,0) -> 2381 | AV43: =AE43*2480 -> 2480 | BA43: VDR-01V2 | BB43: N76559 | BG43: =BD43*BF43 -> 0 | BI43: B181508 | BJ43: INTERCALAR POSTE AT COM N1 ENTRE OS PG: B181508 - B181507, ENCABEÇAR RD BT NO PG: B181508 E ENERGIZAR OBRA. | BK43: REVISADO APÓS ANÁLISE
A44: 9102362333 | B44: B-1238716 | C44: N/A | D44: N/A | E44: ER-CIND-FAZ-TAPIOCA 655-VARZEA DO POCO | F44: VÁRZEA DO POÇO | G44: ENERGIZADA | I44: CAIQUE SILVA LIMA - MRA219559 | J44: GILVANDO RIOS DA CRUZ - NTS025538 | K44: RAFAEL SANTOS DA CRUZ - U469504 | L44: PLANO 7 | M44: QLP | P44: 46043 | Q44: 46049 | R44: 46056 | S44: 2026-12291 | T44: 46082 | U44: N/A | V44: 2026-17404 | W44: 46082 | X44: N/A | AB44: E920038 | AC44: 1 | AD44: 0 | AE44: 1 | AF44: 1 | AG44: 1 | AH44: =AE44-AG44 -> 0 | AI44: =IF(OR(AE44=0, ISERR(AG44/AE44)), 0, AG44/AE44) -> 1 | AJ44: 1 | AK44: 46067 | AL44: 46067 | AN44: 46057 | AO44: 2026-2-13582 | AP44: B398919 | AQ44: -11.521432 | AR44: -40.322223 | AS44: 17240.09 | AU44: =VLOOKUP(I44,DADOS!B:C,2,0) -> 2381 | AV44: =AE44*2480 -> 2480 | BA44: MCM-01J2 | BB44: G12658 | BG44: =BD44*BF44 -> 0 | BI44: B398920 | BJ44: INTERCALAR POSTE AT COM N1 E TRAFO ENTRE OS PG: B398920 - B398919, FECHAR CHAVE NOVA PRÓBIMO AO PG: B398919 E ENERGIZAR OBRA. | BK44: REVISADO APÓS ANÁLISE
A45: 9102359866 | B45: B-1238968 | C45: N/A | D45: N/A | E45: ER-CIND-POV-MULUNGU-RURAL-MULUNGU | F45: VÁRZEA NOVA | G45: EM EXECUÇÃO | H45: DEPENDE DO TRAFO | I45: CLEBSON REIS NETO - MRA148601 | J45: =VLOOKUP(I45,DADOS!B:F,5,0) -> ETEMILSON OLIVEIRA SANTOS - NTS149530 | K45: ERIC TEIXEIRA OLIVEIRA BARBOSA - U361045 | L45: PLANO 7 | M45: QLP | P45: 46041 | Q45: 46041 | R45: 46050 | S45: 2026-12294 | T45: 46082 | U45: N/A | V45: 2026-12526 | W45: 46082 | X45: N/A | AB45: E852209 E E852210 | AC45: 1 | AD45: 0 | AE45: 2 | AF45: 2 | AG45: 1 | AH45: =AE45-AG45 -> 1 | AI45: =IF(OR(AE45=0, ISERR(AG45/AE45)), 0, AG45/AE45) -> 0.5 | AJ45: 1 | AK45: 46055 | AL45: 46058 | AP45: Q149488 | AQ45: -11.207665 | AR45: -41.032771 | AS45: 33064.34 | AU45: =VLOOKUP(I45,DADOS!B:C,2,0) -> 2303 | AV45: =AE45*2480 -> 4960 | AW45: 0.063 | BA45: MCH-01C2 | BB45: J17565 | BG45: =BD45*BF45 -> 0 | BI45: Q149488 | BJ45: INTERCALAR POSTE AT COM N1 E TRAFO ENTRE OS PG: Q149488 - Q149487, FECHAR CHAVE NOVA PRÓBIMO AO PG: Q149488 E ENERGIZAR OBRA. | BK45: REVISADO APÓS ANÁLISE
A46: 9102372071 | B46: B-1240875 | C46: N/A | D46: N/A | E46: ER-CIND-POV-GASPAR-GASPAR | F46: VÁRZEA NOVA | G46: ENERGIZADA | I46: CLEBSON REIS NETO - MRA148601 | J46: =VLOOKUP(I46,DADOS!B:F,5,0) -> ETEMILSON OLIVEIRA SANTOS - NTS149530 | K46: ERIC TEIXEIRA OLIVEIRA BARBOSA - U361045 | L46: PLANO 7 | M46: QLP | P46: 46041 | Q46: 46041 | R46: 46050 | S46: N/A | T46: N/A | U46: N/A | V46: 2026-12391 | W46: 46082 | X46: N/A | AB46: E852207 E E852208 | AC46: 1 | AD46: 0 | AE46: 2 | AF46: 2 | AG46: 2 | AH46: =AE46-AG46 -> 0 | AI46: =IF(OR(AE46=0, ISERR(AG46/AE46)), 0, AG46/AE46) -> 1 | AJ46: 1 | AK46: 46055 | AL46: 46062 | AN46: 46055 | AO46: 2026-2-5486 | AP46: D036111 | AQ46: -11.151402 | AR46: -41.128374 | AS46: 16580.93 | AU46: =VLOOKUP(I46,DADOS!B:C,2,0) -> 2303 | AV46: =AE46*2480 -> 4960 | AW46: 0.125 | BA46: MCH-01C2 | BB46: J52666 | BG46: =BD46*BF46 -> 0 | BI46: D036111 | BJ46: ENCABEÇAR RD BT NO PG: D036111 E ENERGIZAR OBRA. | BK46: REVISADO APÓS ANÁLISE
A47: 9102367847 | B47: B-1243784 | E47: ER-CIND-FAZ-SANTO ANTONIO-ALCAPAO | F47: OUROLÂNDIA | G47: CANCELADA | H47: OBRA CANCELADA PELO AR - CLIENTE IRREGULAR 3,5KM DE ADF E SUBST. TRAFO 2F-10KVA POR 3F-30KVA | I47: CLEBSON REIS NETO - MRA148601 | J47: =VLOOKUP(I47,DADOS!B:F,5,0) -> ETEMILSON OLIVEIRA SANTOS - NTS149530 | K47: ERIC TEIXEIRA OLIVEIRA BARBOSA - U361045 | L47: PLANO 7 | M47: QLP | P47: 46052 | Q47: 46055 | R47: 46058 | S47: N/A | T47: N/A | U47: N/A | V47: =X47 -> 2026-14374 2026-14376 | W47: =Y47 | X47: 2026-14374 2026-14376 | Z47: CANCELADA | AC47: 1 | AD47: 0 | AE47: 0 | AH47: =AE47-AG47 -> 0 | AI47: =IF(OR(AE47=0, ISERR(AG47/AE47)), 0, AG47/AE47) -> 0 | AJ47: 1 | AK47: 46070 | AL47: 46077 | AP47: B184157 | AQ47: -10,75307616 | AR47: -41,31393759 | AS47: 62080.11 | AU47: =VLOOKUP(I47,DADOS!B:C,2,0) -> 2303 | AV47: =AE47*2480 -> 0 | BA47: JCB-09N4 | BB47: N45917 | BG47: =BD47*BF47 -> 0 | BI47: B184157 | BJ47: ABRIR CHAVE: N45917 PARA ADICIONAR FASE DO PG: B184157 AO B914882, SUBSTITUIR TF: G58589 POR TF 3F-30 E ENERGIZAR OBRA. | BK47: REVISADO APÓS ANÁLISE
A48: 9102369368 | B48: B-1244389 | E48: ER-CCOL-FAZ-RECANTO-RURAL | F48: CAEM | G48: EM EXECUÇÃO | I48: DOUGLAS DA SILVA MELO - MRA666519 | J48: =VLOOKUP(I48,DADOS!B:F,5,0) -> ETEMILSON OLIVEIRA SANTOS - NTS149530 | K48: NATALICIO MENDES DA SILVA - U107662 | L48: PLANO 7 | M48: QLP | O48: EXECUTAR CONFORME PROJETO | P48: 46052 | Q48: 46055 | R48: 46057 | S48: 2026-14396 | T48: 46082 | U48: N/A | V48: 2026-14447 | W48: 46082 | X48: N/A | AA48: 1049053 | AB48: E963279 AO E963293 | AC48: 1 | AD48: 0 | AE48: 15 | AF48: =9+6 -> 15 | AG48: =8+6+1 -> 15 | AH48: =AE48-AG48 -> 0 | AI48: =IF(OR(AE48=0, ISERR(AG48/AE48)), 0, AG48/AE48) -> 1 | AJ48: 1 | AK48: 46055 | AL48: 46067 | AP48: D369575 | AQ48: -11,168560 | AR48: -40,008125 | AS48: 92151.45 | AU48: =VLOOKUP(I48,DADOS!B:C,2,0) -> 2299 | AV48: =AE48*2480 -> 37200 | BA48: PON-01B4 | BB48: J04766 | BG48: =BD48*BF48 -> 0 | BI48: D369575 | BJ48: MONTAR BANCADA COM N3 NO PG: D369575, FECHAR CHAVE NOVA PRÓBIMO AO PG: D369575 E ENERGIZAR OBRA. | BK48: REVISADO APÓS ANÁLISE
A49: 9102368609 | B49: B-1238780 | E49: ER-SEIN-RUA-TAMANCO 1800-CURRAL VELHO | F49: MIGUEL CALMON | G49: EM EXECUÇÃO | I49: JAILTON DA SILVA - MRA811574 | J49: =VLOOKUP(I49,DADOS!B:F,5,0) -> ETEMILSON OLIVEIRA SANTOS - NTS149530 | K49: NAILTON SANTANA PEREIRA FILHO - U344575 | L49: PLANO 7 | M49: GOVERNO | N49: 46051 | O49: EXECUTAR CONFORME PROJETO | P49: 46051 | Q49: 46052 | R49: 46057 | S49: 2026-21162 | T49: 46082 | U49: N/A | V49: 2026-14449 | W49: 46082 | X49: N/A | AA49: 1049056 | AB49: E963294 AO E963393 | AC49: 11 | AD49: 0 | AE49: 99 | AF49: =78+11+10 -> 99 | AG49: =34+13+6+10+6+3+6+9+12 -> 99 | AH49: =AE49-AG49 -> 0 | AI49: =IF(OR(AE49=0, ISERR(AG49/AE49)), 0, AG49/AE49) -> 1 | AJ49: 0.5 | AK49: 46055 | AL49: 46087 | AP49: D283206 | AQ49: -11,332259 | AR49: -40,676349 | AS49: 730549.03 | AU49: =VLOOKUP(I49,DADOS!B:C,2,0) -> 2301 | AV49: =AE49*2480 -> 245520 | BA49: MCM-01J4 | BB49: W01457 | BG49: =BD49*BF49 -> 0 | BI49: D283206 | BJ49: ALTERAR ESTRUTURA DE N3 P/ N4 NO PG: D283206 ENERGIZAR OBRA. | BK49: REVISADO APÓS ANÁLISE
A50: 9102381531 | B50: B-1244326 | E50: ER-CIND-SI-CAJUEIRO-RURAL | F50: PIRITIBA | G50: EM EXECUÇÃO | I50: CARLOS DA CRUZ SANTANA - MRA258541 | J50: =VLOOKUP(I50,DADOS!B:F,5,0) -> ETEMILSON OLIVEIRA SANTOS - NTS149530 | K50: NAILTON SANTANA PEREIRA FILHO - U344575 | L50: PLANO 7 | M50: QLP | P50: 46052 | Q50: 46052 | R50: 46057 | S50: 2026-14402 | T50: 46082 | U50: N/A | V50: 2026-14453 | W50: 46082 | X50: N/A | AA50: 1049057 | AB50: E963394 AO E963408 E956883 | AC50: 1 | AD50: 0 | AE50: =15+1 -> 16 | AF50: 16 | AG50: 14 | AH50: =AE50-AG50 -> 2 | AI50: =IF(OR(AE50=0, ISERR(AG50/AE50)), 0, AG50/AE50) -> 0.875 | AJ50: 1 | AK50: 46067 | AL50: 46073 | AP50: E776589 | AQ50: -11,692967 | AR50: -40,574568 | AS50: 3350.01 | AU50: =VLOOKUP(I50,DADOS!B:C,2,0) -> 2349 | AV50: =AE50*2480 -> 39680 | AW50: 0.427 | BA50: MUN-01N1 | BB50: E23345 | BG50: =BD50*BF50 -> 0 | BI50: E776589 | BJ50: INTERCALAR POSTE AT COM N1-3 ENTRE OS PG: E776590 - E776589, FECHAR CHAVE NOVA PRÓBIMO AO PG: E776590 E ENERGIZAR OBRA. | BK50: REVISADO APÓS ANÁLISE
A51: 9101906513 | B51: B-1080958 | C51: N/A | D51: N/A | E51: RR-CCOL-POV-PAU BRANCO 57-RURAL | F51: VÁRZEA NOVA | G51: EM EXECUÇÃO | I51: CLEBSON REIS NETO - MRA148601 | J51: =VLOOKUP(I51,DADOS!B:F,5,0) -> ETEMILSON OLIVEIRA SANTOS - NTS149530 | K51: ERIC TEIXEIRA OLIVEIRA BARBOSA - U361045 | L51: PLANO 7 | M51: AIC AUDITORIA | P51: 46051 | Q51: 46052 | R51: 46057 | S51: 2026-14423 | T51: 46082 | U51: N/A | V51: 2026-14458 | W51: 46082 | X51: N/A | AA51: 1049058 | AB51: E963409 AO E963416 | AC51: 1 | AD51: 0 | AE51: 8 | AF51: 8 | AG51: 5 | AH51: =AE51-AG51 -> 3 | AI51: =IF(OR(AE51=0, ISERR(AG51/AE51)), 0, AG51/AE51) -> 0.625 | AJ51: 1 | AK51: 46056 | AL51: 46063 | AP51: B041333 | AQ51: -11,24882828 | AR51: -40,89285216 | AS51: 51721.9 | AU51: =VLOOKUP(I51,DADOS!B:C,2,0) -> 2303 | AV51: =AE51*2480 -> 19840 | AW51: N/A | AX51: N/A | BA51: MCM-01J4 | BB51: N87429 | BG51: =BD51*BF51 -> 0 | BI51: B041333 | BJ51: INTERCALAR POSTE AT COM N1-3 ENTRE OS PG: B041333 - B041334, FECHAR CHAVE NOVA PRÓBIMO AO PG: B041333 E ENERGIZAR OBRA. | BK51: REVISADO APÓS ANÁLISE
A52: 9102011739 | B52: B-1126423 | E52: LD CIND POV BOM GOSTO RURAL | F52: UMBURANAS | G52: RETIRADA DA CARTEIRA | H52: DEPENDE DA EXECUÇÃO DA OBRA B-1085453 - LD-CCOL-POV. BARRIGUDA FEDERAL-RURAL, EPS DÍNAMO (24 POSTES E 02 UC'S), CANCELADA. | I52: EMERSON DE CARVALHO SILVA - MRA152590 | J52: =VLOOKUP(I52,DADOS!B:F,5,0) -> ETEMILSON OLIVEIRA SANTOS - NTS149530 | L52: PLANO 14.4.12.1-LPT | M52: AIC AUDITORIA | S52: 2026-14408 | U52: N/A | V52: 2026-14463 | X52: N/A | AA52: 1049059 | AB52: E963417 AO E963422 | AC52: 1 | AE52: 6 | AH52: =AE52-AG52 -> 6 | AI52: =IF(OR(AE52=0, ISERR(AG52/AE52)), 0, AG52/AE52) -> 0 | AJ52: 1 | AQ52: -10,712172 | AR52: -41,362323 | AS52: 72927.29 | AU52: =VLOOKUP(I52,DADOS!B:C,2,0) -> 2332 | AV52: =AE52*2480 -> 14880 | BA52: UBR-01C1 | BB52: D00529 | BG52: =BD52*BF52 -> 0 | BI52: E521377 | BJ52: INTERCALAR POSTE AT COM N4-3 NO POSTE NOVO PRÓBIMO AO PG: E521377, FECHAR CHAVE NOVA PRÓBIMO AO PG: E521377 E ENERGIZAR OBRA. | BK52: .
A53: 9102130224 | B53: B-1164308 | C53: N/A | D53: N/A | E53: ER-CIND POV RIACHO DO MUCAMBO-RURAL | F53: VÁRZEA NOVA | G53: EM EXECUÇÃO | I53: CLEBSON REIS NETO - MRA148601 | J53: =VLOOKUP(I53,DADOS!B:F,5,0) -> ETEMILSON OLIVEIRA SANTOS - NTS149530 | K53: ERIC TEIXEIRA OLIVEIRA BARBOSA - U361045 | L53: PLANO 7 | M53: AIC AUDITORIA OBRAS SIMPLIFICADAS | P53: 46051 | Q53: 46052 | R53: 46057 | S53: 2026-14410 | T53: 46082 | U53: N/A | V53: 2026-14470 | W53: 46082 | X53: N/A | AB53: E956633 | AC53: 1 | AD53: 0 | AE53: 1 | AF53: 1 | AG53: 1 | AH53: =AE53-AG53 -> 0 | AI53: =IF(OR(AE53=0, ISERR(AG53/AE53)), 0, AG53/AE53) -> 1 | AJ53: 1 | AK53: 46064 | AL53: 46072 | AP53: D160103 | AQ53: -11,218339 | AR53: -40,895760 | AS53: 8491.71 | AU53: =VLOOKUP(I53,DADOS!B:C,2,0) -> 2303 | AV53: =AE53*2480 -> 2480 | AW53: 0.104 | BA53: MCM-01J4 | BB53: H66941 | BG53: =BD53*BF53 -> 0 | BI53: D160101 | BJ53: INTERCALAR POSTE AT COM N1 ENTRE OS PG: D160101 - D160102, ENCABEÇAR RD BT NO PG: D160103 E ENERGIZAR OBRA. | BK53: REVISADO APÓS ANÁLISE
A54: 9101950748 | B54: B-1101061 | C54: B-1249664 | D54: B-1249743 | E54: ER-CIND-POV-VARZEA DE DENTRO-DELFINO | F54: UMBURANAS | G54: PROGRAMADA | I54: GERALDO DA COSTA GOMES - MRA571535 | J54: =VLOOKUP(I54,DADOS!B:F,5,0) -> ETEMILSON OLIVEIRA SANTOS - NTS149530 | K54: ERIC TEIXEIRA OLIVEIRA BARBOSA - U361045 | L54: PLANO 14.4.12.1-LPT | M54: AIC AUDITORIA BRAS SIMPLIFICADAS | P54: 46051 | Q54: 46051 | R54: 46058 | S54: 2026-21228 | T54: 46082 | U54: N/A | V54: =S54 -> 2026-21228 | W54: 46082 | X54: N/A | AB54: E956623 | AC54: 1 | AD54: 1 | AE54: 1 | AH54: =AE54-AG54 -> 1 | AI54: =IF(OR(AE54=0, ISERR(AG54/AE54)), 0, AG54/AE54) -> 0 | AJ54: 1 | AK54: 46064 | AL54: 46071 | AP54: R071829 | AQ54: -10,46330301 | AR54: -41,07332522 | AS54: 18661.3 | AU54: =VLOOKUP(I54,DADOS!B:C,2,0) -> 2302 | AV54: =AE54*2480 -> 2480 | AW54: 0.043 | BA54: UBR-01C1 | BB54: J08479 | BG54: =BD54*BF54 -> 0 | BI54: R071829 | BJ54: INTERCALAR POSTE AT COM N1 ENTRE OS PG: R071830 - R071831, ENCABEÇAR RD BT NO PG: R071831 E ENERGIZAR OBRA. | BK54: REVISADO APÓS ANÁLISE | BO54: x
A55: 9102055122 | B55: B-1137304 | E55: ER-CIND-POV-IVO LUCIANO-RURAL | F55: CAPIM GROSSO | G55: RETIRADA DA CARTEIRA | H55: DIRECIONADA PARA EPS DÍNAMO | I55: JAILTON DA SILVA - MRA811574 | J55: =VLOOKUP(I55,DADOS!B:F,5,0) -> ETEMILSON OLIVEIRA SANTOS - NTS149530 | L55: PLANO 14.4.12.1-LPT | M55: LPT | P55: 46051 | Q55: 46051 | S55: 2026-14419 | U55: N/A | V55: 2026-14507 | X55: N/A | AA55: 1049060 | AB55: E963423 AO E963428 | AC55: 1 | AE55: 6 | AH55: =AE55-AG55 -> 6 | AI55: =IF(OR(AE55=0, ISERR(AG55/AE55)), 0, AG55/AE55) -> 0 | AJ55: 1 | AP55: D319735 | AQ55: -11,2760241 | AR55: -40,0347577 | AU55: =VLOOKUP(I55,DADOS!B:C,2,0) -> 2301 | AV55: =AE55*2480 -> 14880 | AW55: N/A | AX55: N/A | BA55: JCB-09N3 | BB55: W11515 | BG55: =BD55*BF55 -> 0 | BI55: D319735 | BJ55: ALTERAR ESTRUTURA DE N3P/ N4 NO PG: D319735, FECHAR CHAVE NOVA PRÓBIMO AO PG: D319735 E ENERGIZAR OBRA. | BK55: .
A56: 9102363727 | B56: B-1238263 | C56: B-1242433 | D56: B-1242437 | E56: ER-CIND-RUA-CAMPO FORMOSO 1011-DELFINO | F56: UMBURANAS | G56: PROGRAMADA | I56: GERALDO DA COSTA GOMES - MRA571535 | J56: =VLOOKUP(I56,DADOS!B:F,5,0) -> ETEMILSON OLIVEIRA SANTOS - NTS149530 | K56: ERIC TEIXEIRA OLIVEIRA BARBOSA - U361045 | L56: PLANO 14.4.12.1-LPT | M56: QLP | P56: 46052 | Q56: 46052 | R56: 46058 | S56: 2026-14568 | T56: 46082 | U56: N/A | V56: 2026-14614 | W56: 46082 | X56: N/A | AB56: E956634 AO E956637 | AC56: 1 | AD56: 1 | AE56: 4 | AH56: =AE56-AG56 -> 4 | AI56: =IF(OR(AE56=0, ISERR(AG56/AE56)), 0, AG56/AE56) -> 0 | AJ56: 1 | AK56: 46076 | AL56: 46078 | AP56: R071669 | AQ56: -10,441332 | AR56: -41,179216 | AU56: =VLOOKUP(I56,DADOS!B:C,2,0) -> 2302 | AV56: =AE56*2480 -> 9920 | BA56: UBR-01C1 | BB56: J08479 | BG56: =BD56*BF56 -> 0 | BI56: R071669 | BJ56: ALTERAR ESTRUTURA DE N3 P/ N4 NO PG: R071669, FECHAR CHAVE NOVA PRÓBIMO AO PG: R071669 E ENERGIZAR OBRA. | BK56: REVISADO APÓS ANÁLISE
A57: 9102356351 | B57: B-1238473 | E57: ER-CIND-RUA-CAMPO FORMOSO-RURAL-DELFINO | F57: UMBURANAS | G57: CANCELADA | H57: DUPLICIDADE COM A OBRAS B-1237883 - ER-CIND-RUA-CAMPO FORMOSO 1010-RURAL - UMBURANAS | I57: JAILTON DA SILVA - MRA811574 | J57: =VLOOKUP(I57,DADOS!B:F,5,0) -> ETEMILSON OLIVEIRA SANTOS - NTS149530 | L57: PLANO 7 | M57: QLP | P57: FVP - 30/01/26 | S57: 2026-14573 | U57: 2026-14628 | V57: 2026-14618 | X57: N/A | AA57: 1049118 | AB57: E963511 AO E963528 | AC57: 2 | AE57: 18 | AH57: =AE57-AG57 -> 18 | AI57: =IF(OR(AE57=0, ISERR(AG57/AE57)), 0, AG57/AE57) -> 0 | AJ57: 1 | AP57: E161193 | AU57: =VLOOKUP(I57,DADOS!B:C,2,0) -> 2301 | AV57: =AE57*2480 -> 44640 | BA57: UBR-01C1 | BB57: V10859 | BG57: =BD57*BF57 -> 0 | BI57: E161193 | BJ57: ALTERAR ESTRUTURA DE N3 P/ N4 NO PG: E161193, FECHAR CHAVE NOVA PRÓBIMO AO PG: E161193 E ENERGIZAR OBRA. | BK57: .
A58: 9102367116 | B58: B-1238719 | E58: ER-CIND-POV-NOVO DELFINO-RURAL | F58: UMBURANAS | G58: PROGRAMADA | I58: GERALDO DA COSTA GOMES - MRA571535 | J58: =VLOOKUP(I58,DADOS!B:F,5,0) -> ETEMILSON OLIVEIRA SANTOS - NTS149530 | K58: ERIC TEIXEIRA OLIVEIRA BARBOSA - U361045 | L58: PLANO 7 | M58: QLP | P58: 46052 | Q58: 46052 | R58: 46058 | S58: 2026-14576 | T58: 46082 | U58: 2026-14631 | V58: 2026-14622 | W58: 46082 | X58: N/A | AA58: 1049121 | AB58: E963529 AO E963546 | AC58: 2 | AD58: 0 | AE58: 17 | AH58: =AE58-AG58 -> 17 | AI58: =IF(OR(AE58=0, ISERR(AG58/AE58)), 0, AG58/AE58) -> 0 | AJ58: 1 | AK58: 46067 | AL58: 46078 | AP58: D319580 | AQ58: -10,454735 | AR58: -41,201857 | AU58: =VLOOKUP(I58,DADOS!B:C,2,0) -> 2302 | AV58: =AE58*2480 -> 42160 | BA58: UBR-01C1 | BB58: W53442 | BG58: =BD58*BF58 -> 0 | BI58: D319580 | BJ58: ALTERAR ESTRUTURA DE N3 P/ N4 NO PG: D319580, FECHAR CHAVE NOVA PRÓBIMO AO PG: D319580 E ENERGIZAR OBRA. | BK58: REVISADO APÓS ANÁLISE
A59: 9101097505 | B59: B-0824309 | C59: B-0825328 | D59: B-0824356 | E59: LD CCOL-FAZ RECANTO DOS ANIMAIS RURAL | F59: JACOBINA | G59: RETIRADA DA CARTEIRA | H59: E-MAIL 06/05/25 DEPENDA DA EXECUÇÃO DA OBRA B-0824312 (ADF MONO PRA BIF) - EPS DÍNAMO | I59: LUCIANO NUNES DA SILVA - MRA252517 | J59: =VLOOKUP(I59,DADOS!B:F,5,0) -> GILVANDO RIOS DA CRUZ - NTS025538 | K59: MANOEL GUSTAVO OLIVEIRA DOS S CONCEICAO - U464710 | L59: PLANO 14.7.3-LPT | M59: AIC AUDITORIA | AC59: 5 | AE59: 9 | AH59: =AE59-AG59 -> 9 | AI59: =IF(OR(AE59=0, ISERR(AG59/AE59)), 0, AG59/AE59) -> 0 | AJ59: 1 | AU59: =VLOOKUP(I59,DADOS!B:C,2,0) -> 2305 | AV59: =AE59*2480 -> 22320 | BG59: =BD59*BF59 -> 0 | BK59: .
A60: 9101755766 | B60: B-1018593 | C60: N/A | D60: N/A | E60: ER-CIND-POV-SOINHO 32-RURAL | F60: VÁRZEA DA ROÇA | G60: EM EXECUÇÃO | I60: CAIQUE SILVA LIMA - MRA219559 | J60: GILVANDO RIOS DA CRUZ - NTS025538 | K60: MANOEL GUSTAVO OLIVEIRA DOS S CONCEICAO - U464710 | L60: PLANO 7 | M60: AIC AUDITORIA | P60: 46055 | Q60: 46055 | R60: 46058 | S60: 2026-16777 | T60: 46082 | U60: N/A | V60: =S60 -> 2026-16777 | W60: 46082 | X60: N/A | AB60: E956667 | AC60: 1 | AD60: 0 | AE60: 1 | AF60: 1 | AG60: 1 | AH60: =AE60-AG60 -> 0 | AI60: =IF(OR(AE60=0, ISERR(AG60/AE60)), 0, AG60/AE60) -> 1 | AJ60: 1 | AK60: 46074 | AL60: 46074 | AP60: B160957 | AQ60: -11,582411 | AR60: -40,175634 | AU60: =VLOOKUP(I60,DADOS!B:C,2,0) -> 2381 | AV60: =AE60*2480 -> 2480 | BA60: VDR-01V1 | BB60: N75529 | BG60: =BD60*BF60 -> 0 | BI60: B160957 | BJ60: INTERCALAR POSTE AT COM N1 E TRAFO ENTRE OS PG: B160957 - B160956 E ENERGIZAR OBRA. | BK60: REVISADO APÓS ANÁLISE
A61: 9101893759 | B61: B-1077195 | C61: B-1116898 | D61: B-1116899 | E61: LD CIND FAZ CEU AZUL RURAL | F61: PIRITIBA | G61: CANCELADA | H61: CLIENTE JÁ ATENDIDO PELA OBRA Y-0979091/9101575722- RR-CIND-FAZ-CEU AZUL-RURAL | I61: CARLOS DA CRUZ SANTANA - MRA258541 | J61: ETEMILSON OLIVEIRA SANTOS - NTS149530 | K61: NAILTON SANTANA PEREIRA FILHO - U344575 | L61: PLANO 14.7.3-LPT | M61: AIC AUDITORIA | P61: 46052 | Q61: SOLICITAR | R61: 46063 | S61: 2026-16779 | T61: 46082 | U61: N/A | V61: 2026-17048 | W61: 46082 | X61: N/A | AA61: 1049221 | AB61: E964315 AO E964321 | AC61: 1 | AE61: 7 | AH61: =AE61-AG61 -> 7 | AI61: =IF(OR(AE61=0, ISERR(AG61/AE61)), 0, AG61/AE61) -> 0 | AJ61: 1 | AK61: 46069 | AL61: 46073 | AP61: D175922 | AQ61: -11,794079 | AR61: -40,628926 | AU61: =VLOOKUP(I61,DADOS!B:C,2,0) -> 2349 | AV61: =AE61*2480 -> 17360 | BA61: MUN-01N1 | BB61: H72362 | BG61: =BD61*BF61 -> 0 | BI61: D175922 | BJ61: INTERCALAR POSTE AT COM N4-3 ENTRE OS PG: D175922 - D175923, FECHAR CHAVE NOVA PRÓBIMO AO PG: D175923 E ENERGIZAR OBRA. | BK61: .
A62: 9101909607 | B62: B-1082615 | C62: B-1160229 | D62: B-1160230 | E62: LD CIND FAZ CALDEIRAO RURAL | F62: VÁRZEA DA ROÇA | G62: EM EXECUÇÃO | I62: CAIQUE SILVA LIMA - MRA219559 | J62: GILVANDO RIOS DA CRUZ - NTS025538 | K62: MANOEL GUSTAVO OLIVEIRA DOS S CONCEICAO - U464710 | L62: PLANO 14.4.12.1-LPT - ALTERAR P/ 7 | M62: AIC AUDITORIA | P62: 46055 | Q62: 46055 | R62: 46058 | S62: 2026-21261 | T62: 46082 | U62: N/A | V62: =S62 -> 2026-21261 | W62: 46082 | X62: N/A | AB62: E956662 AO E956666 | AC62: 1 | AD62: 0 | AE62: 5 | AF62: 5 | AG62: 4 | AH62: =AE62-AG62 -> 1 | AI62: =IF(OR(AE62=0, ISERR(AG62/AE62)), 0, AG62/AE62) -> 0.8 | AJ62: 1 | AK62: 46073 | AL62: 46075 | AP62: R098551 | AQ62: -11.617822 | AR62: -40.199817 | AU62: =VLOOKUP(I62,DADOS!B:C,2,0) -> 2381 | AV62: =AE62*2480 -> 12400 | BA62: VDR-01V2 | BB62: H81175 | BG62: =BD62*BF62 -> 0 | BI62: R038551 | BJ62: INTERCALAR POSTE AT COM N1 ENTRE OS PG: R098551 - R093850. ENCABEÇAR RD BT NO PG: E852092 E ENERGIZAR OBRA. | BK62: REVISADO APÓS ANÁLISE
A63: 9101897876 | B63: B-1081548 | D63: B-1081547 | E63: LD-CCOL-POV NOVO SITIO 47-NOVO SITIO 47 | F63: BAIXA GRANDE | G63: EM EXECUÇÃO | I63: CAIQUE SILVA LIMA - MRA219559 | J63: GILVANDO RIOS DA CRUZ - NTS025538 | K63: MANOEL GUSTAVO OLIVEIRA DOS S CONCEICAO - U464710 | L63: PLANO 7 | M63: RECLAMAÇÃO | N63: 46058 | O63: Devolução Ok conforme projeto Intercalar um poste N1 3 | P63: 46055 | Q63: 46058 | R63: 46066 | S63: 2026-16785 | T63: 46082 | U63: N/A | V63: 2026-17050 | W63: 46082 | X63: N/A | AA63: 1049228 | AB63: E964322 AO E964333 | AC63: 2 | AD63: 0 | AE63: 12 | AF63: =7+4 -> 11 | AH63: =AE63-AG63 -> 12 | AI63: =IF(OR(AE63=0, ISERR(AG63/AE63)), 0, AG63/AE63) -> 0 | AJ63: 1 | AK63: 46070 | AL63: 46079 | AP63: L435409 | AQ63: -11.850376 | AR63: -40.183393 | AU63: =VLOOKUP(I63,DADOS!B:C,2,0) -> 2381 | AV63: =AE63*2480 -> 29760 | BA63: MUN-01N4 | BB63: INTERCALAR POSTE AT COM N1-3 ENTRE OS PG: L435409 - L435404, FECHAR CHAVE NOVA PRÓBIMO AO PG: L435409 E ENERGIZAR OBRA. | BG63: =BD63*BF63 -> 0 | BI63: L435409 | BJ63: INTERCALAR POSTE AT COM N1-3 ENTRE OS PG: L435409 - L435404, FECHAR CHAVE NOVA PRÓXIMO AO PG: L435409 E ENERGIZAR OBRA | BK63: REVISADO APÓS ANÁLISE
A64: 9101982499 | B64: B-1119065 | C64: B-1119069 | D64: B-1119066 | E64: LD - CIND - POV JENIPAPO - RURAL | F64: JACOBINA | G64: EM EXECUÇÃO | I64: RODRIGO SANTOS SILVA - MRA096553 | J64: ETEMILSON OLIVEIRA SANTOS - NTS149530 | K64: RICARDO SANTOS DE BRITO - U465100 | L64: PLANO 14.7.3-LPT | M64: AIC AUDITORIA | P64: 46059 | Q64: 46059 | R64: 46063 | S64: 2026-16786 | T64: 46082 | U64: 2026-16974 | V64: 2026-16975 | W64: 46082 | X64: 2026-16034 | Y64: 46071 | Z64: APROVADA | AA64: 1049229 | AB64: E964334 AO E964342 | AC64: 1 | AE64: 9 | AF64: 9 | AG64: =6+2 -> 8 | AH64: =AE64-AG64 -> 1 | AI64: =IF(OR(AE64=0, ISERR(AG64/AE64)), 0, AG64/AE64) -> 0.88888889 | AJ64: 1 | AK64: 46067 | AL64: 46071 | AP64: D393285 | AQ64: -11,264870 | AR64: -40,603001 | AU64: =VLOOKUP(I64,DADOS!B:C,2,0) -> 2300 | AV64: =AE64*2480 -> 22320 | BA64: MCM-01J4 | BB64: V35046 | BG64: =BD64*BF64 -> 0 | BI64: D393285 | BJ64: ALTERAR ESTRUTURA DE B3 P/ B4 NO PG: D393285, FECHAR CHAVE NOVA PRÓBIMO AO PG: D393285 E ENERGIZAR OBRA. | BK64: REVISADO APÓS ANÁLISE
A65: 9102042905 | B65: B-1134466 | C65: N/A | D65: N/A | E65: ER-CCOL-POV-LAGOA BONITA-RURAL | F65: OUROLÂNDIA | G65: EM EXECUÇÃO | I65: CLEBSON REIS NETO - MRA148601 | J65: =VLOOKUP(I65,DADOS!B:F,5,0) -> ETEMILSON OLIVEIRA SANTOS - NTS149530 | K65: ERIC TEIXEIRA OLIVEIRA BARBOSA - U361045 | L65: PLANO 7 | M65: QLP | N65: 46056 | O65: visita pelo encarregado CLEBSON | P65: 46056 | Q65: 46056 | R65: 46062 | S65: 2026-21195 | T65: 46082 | U65: N/A | V65: 2026-17051 | W65: 46082 | X65: N/A | AA65: 1049231 | AB65: E964343 AO E964351 | AC65: 4 | AD65: 0 | AE65: =11-2 -> 9 | AF65: 9 | AG65: 8 | AH65: =AE65-AG65 -> 1 | AI65: =IF(OR(AE65=0, ISERR(AG65/AE65)), 0, AG65/AE65) -> 0.88888889 | AJ65: 1 | AK65: 46067 | AL65: 46071 | AP65: E368312 | AQ65: -10,821681 | AR65: -41,372975 | AU65: =VLOOKUP(I65,DADOS!B:C,2,0) -> 2303 | AV65: =AE65*2480 -> 22320 | AW65: 0.614 | BA65: OUL-01M1 | BB65: V34852 | BG65: =BD65*BF65 -> 0 | BI65: E368312 | BJ65: INTERCALAR POSTE AT C/ N1 ENTRE OS PG: E368249 - E368250, ENCABEÇAR RD BT NO PG: E368251, E368333 E ENERGIZAR OBRA. | BK65: REVISADO APÓS ANÁLISE
A66: 9102129109 | B66: B-1163378 | C66: B-1191359 | D66: B-1191759 | E66: ER-CIND-FAZ CALDEIR O NOVO-RURAL | F66: BAIXA GRANDE | G66: PROGRAMADA | I66: CAIQUE SILVA LIMA - MRA219559 | J66: GILVANDO RIOS DA CRUZ - NTS025538 | K66: MANOEL GUSTAVO OLIVEIRA DOS S CONCEICAO - U464710 | L66: PLANO 14.4.12.1-LPT - ALTERAR P/ 7 | M66: AIC AUDITORIA | P66: 46055 | Q66: 46055 | R66: 46058 | S66: N/A | T66: N/A | U66: N/A | V66: 2026-17067 | W66: 46082 | X66: N/A | AA66: 1049232 | AB66: E964354 AO E964359 | AC66: 2 | AD66: 0 | AE66: 6 | AH66: =AE66-AG66 -> 6 | AI66: =IF(OR(AE66=0, ISERR(AG66/AE66)), 0, AG66/AE66) -> 0 | AJ66: 1 | AK66: 46069 | AL66: 46079 | AP66: E600945 | AQ66: -11.970541 | AR66: -40.109994 | AU66: =VLOOKUP(I66,DADOS!B:C,2,0) -> 2381 | AV66: =AE66*2480 -> 14880 | BA66: MUN-01N4 | BB66: D07815 | BG66: =BD66*BF66 -> 0 | BI66: E600945 | BJ66: ENCABEÇAR RD BT NO PG: E600945 E ENERGIZAR OBRA. | BK66: REVISADO APÓS ANÁLISE
A67: 9102132391 | B67: B-1167122 | C67: B-1195479 | D67: B-1195520 | E67: ER-CIND-POV-PORTO FELIZ-RURAL | F67: PIRITIBA | G67: EM EXECUÇÃO | H67: ABRIR OC DE ENERGIZAÇÃO DIA 23/02 | I67: CARLOS DA CRUZ SANTANA - MRA258541 | J67: ETEMILSON OLIVEIRA SANTOS - NTS149530 | K67: NAILTON SANTANA PEREIRA FILHO - U344575 | L67: PLANO 7 | M67: AIC AUDITORIA | P67: 46057 | Q67: 46058 | R67: 46063 | S67: N/A | T67: N/A | U67: N/A | V67: 2026-17070 | W67: 46082 | X67: N/A | AB67: E964353 | AC67: 1 | AD67: 0 | AE67: 1 | AF67: 1 | AH67: =AE67-AG67 -> 1 | AI67: =IF(OR(AE67=0, ISERR(AG67/AE67)), 0, AG67/AE67) -> 0 | AJ67: 1 | AK67: 46075 | AL67: 46081 | AP67: B913928 | AQ67: -11,749421 | AR67: -40,717037 | AU67: =VLOOKUP(I67,DADOS!B:C,2,0) -> 2349 | AV67: =AE67*2480 -> 2480 | BA67: TPM-01Z2 | BB67: J18351 | BG67: =BD67*BF67 -> 0 | BI67: B913928 | BJ67: ENCABEÇAR RD BT NO PG: B913928 E ENERGIZAR OBRA. | BK67: REVISADO APÓS ANÁLISE
A68: 9101917593 | B68: B-1084631 | C68: B-1084633 | D68: B-1084630 | E68: ER CIND FAZENDA CURTUME RURAL | F68: MIGUEL CALMON | G68: EM EXECUÇÃO | H68: ABRIR OC DE ENERGIZAÇÃO DIA 20/02 CLIENTE COM PADRÃO | I68: EMERSON DE CARVALHO SILVA - MRA152590 | J68: ETEMILSON OLIVEIRA SANTOS - NTS149530 | K68: NAILTON SANTANA PEREIRA FILHO - U344575 | L68: PLANO 14.4.12.1-LPT | M68: AIC AUDITORIA | P68: 46058 | Q68: 46058 | R68: 46062 | S68: 2026-16799 | T68: 46082 | U68: N/A | V68: =S68 -> 2026-16799 | W68: 46082 | X68: N/A | AB68: E956678 | AC68: 1 | AE68: 1 | AF68: 1 | AG68: 1 | AH68: =AE68-AG68 -> 0 | AI68: =IF(OR(AE68=0, ISERR(AG68/AE68)), 0, AG68/AE68) -> 1 | AJ68: 1 | AK68: 46075 | AL68: 46078 | AP68: D096926 | AQ68: -11,284159 | AR68: -40,910152 | AU68: =VLOOKUP(I68,DADOS!B:C,2,0) -> 2332 | AV68: =AE68*2480 -> 2480 | BA68: MCM-01J4 | BB68: J56217 | BG68: =BD68*BF68 -> 0 | BI68: D096926 | BJ68: INTERCALAR POSTE AT COM N1 ENTRE OS PG: D096926 - D096925, ENCABEÇAR RD BT NO PG: D096926 E ENERGIZAR OBRA. | BK68: REVISADO APÓS ANÁLISE
A69: 9102136521 | B69: B-1166229 | C69: B-1249871 | D69: B-1249874 | E69: ER-CIND-PO.ALCAPAO-RURAL | F69: OUROLÂNDIA | G69: EM EXECUÇÃO | I69: CLEBSON REIS NETO - MRA148601 | J69: ETEMILSON OLIVEIRA SANTOS - NTS149530 | K69: ERIC TEIXEIRA OLIVEIRA BARBOSA - U361045 | L69: PLANO 14.4.12.1-LPT | M69: AIC AUDITORIA OBRAS SIMPLIFICADAS | P69: 46058 | Q69: 46058 | R69: 46062 | S69: 2026-16808 | T69: 46082 | U69: N/A | V69: =S69 -> 2026-16808 | W69: 46082 | X69: N/A | AB69: E956679 AO E956681 | AC69: 1 | AD69: 1 | AE69: 3 | AF69: 3 | AG69: 1 | AH69: =AE69-AG69 -> 2 | AI69: =IF(OR(AE69=0, ISERR(AG69/AE69)), 0, AG69/AE69) -> 0.33333333 | AJ69: 1 | AK69: 46075 | AL69: 46079 | AP69: B914836 | AQ69: -10.764898 | AR69: -41.315116 | AU69: =VLOOKUP(I69,DADOS!B:C,2,0) -> 2303 | AV69: =AE69*2480 -> 7440 | BA69: JCB-09N4 | BB69: G35228 | BG69: =BD69*BF69 -> 0 | BI69: B914836 | BJ69: INTERCALAR 02 POSTES AT COM N1 ENTRE OS PG: B914836 - B914828, ENCABEÇAR RD BT NO PG: B914836 E ENERGIZAR OBRA. | BK69: REVISADO APÓS ANÁLISE
A70: 9102134215 | B70: B-1162823 | C70: B-1249641 | D70: B-1249722 | E70: ER-CIND-FAZ-CHORORO 857-CHORORO | F70: JACOBINA | G70: EM EXECUÇÃO | I70: RODRIGO SANTOS SILVA - MRA096553 | J70: ETEMILSON OLIVEIRA SANTOS - NTS149530 | K70: ERIC TEIXEIRA OLIVEIRA BARBOSA - U361045 | L70: PLANO 14.4.12.1-LPT | M70: AIC AUDITORIA | P70: 46059 | Q70: 46059 | R70: 46063 | S70: 2026-16810 | T70: 46082 | U70: N/A | V70: =S70 -> 2026-16810 | W70: 46082 | X70: N/A | AB70: E956702 AO E956703 | AC70: 1 | AD70: 1 | AE70: 3 | AF70: 2 | AG70: =1+1 -> 2 | AH70: =AE70-AG70 -> 1 | AI70: =IF(OR(AE70=0, ISERR(AG70/AE70)), 0, AG70/AE70) -> 0.66666667 | AJ70: 1 | AK70: 46075 | AL70: 46079 | AP70: E389562 | AQ70: -11,059561 | AR70: -40,783561 | AU70: =VLOOKUP(I70,DADOS!B:C,2,0) -> 2300 | AV70: =AE70*2480 -> 7440 | BA70: JCB-09N4 | BB70: V35007 | BG70: =BD70*BF70 -> 0 | BI70: E389562 | BJ70: INTERCALAR POSTE AT COM N1 E TRAFO ENTRE OS PG: E389562, E389563, ALTERAR N1 EM N4 NO PG: E389563 E ENERGIZAR OBRA. | BK70: REVISADO APÓS ANÁLISE
A71: 9102126306 | B71: B-1164197 | C71: B-1195465 | D71: B-1195507 | E71: ER - CIND FAZ ALAGOAS - RURAL | F71: OUROLÂNDIA | G71: EM EXECUÇÃO | I71: CLEBSON REIS NETO - MRA148601 | J71: ETEMILSON OLIVEIRA SANTOS - NTS149530 | K71: ERIC TEIXEIRA OLIVEIRA BARBOSA - U361045 | L71: PLANO 14.4.12.1-LPT - ALTERAR P/ 7 | M71: AIC AUDITORIA | P71: 46057 | Q71: 46058 | R71: 46062 | S71: N/A | T71: N/A | U71: N/A | V71: 2026-17071 | W71: 46082 | X71: N/A | AB71: E958115 AO E958116 | AC71: 1 | AD71: 0 | AE71: 2 | AF71: 2 | AG71: 2 | AH71: =AE71-AG71 -> 0 | AI71: =IF(OR(AE71=0, ISERR(AG71/AE71)), 0, AG71/AE71) -> 1 | AJ71: 1 | AK71: 46075 | AL71: 46080 | AP71: D353327 | AQ71: -10,987119 | AR71: -41,034175 | AU71: =VLOOKUP(I71,DADOS!B:C,2,0) -> 2303 | AV71: =AE71*2480 -> 4960 | BA71: JCB-09N4 | BB71: W56337 | BG71: =BD71*BF71 -> 0 | BI71: D353327 | BJ71: ENCABEÇAR RD BT NO PG: D353327 E ENERGIZAR OBRA. | BK71: REVISADO APÓS ANÁLISE | BO71: x
A72: 9101923317 | B72: B-1091884 | E72: ER-CIND-FAZ-VARGINHA-RURAL | F72: JACOBINA | G72: PROGRAMADA | I72: RODRIGO SANTOS SILVA - MRA096553 | J72: ETEMILSON OLIVEIRA SANTOS - NTS149530 | K72: RICARDO SANTOS DE BRITO - U465100 | L72: PLANO 14.7.3-LPT | M72: QLP | P72: 46059 | Q72: 46059 | R72: 46063 | S72: N/A | T72: N/A | U72: N/A | V72: =X72 -> 2026-16086 | W72: =Y72 -> 46078 | X72: 2026-16086 | Y72: 46078 | Z72: APROVADA | AC72: 1 | AE72: 0 | AH72: =AE72-AG72 -> 0 | AI72: =IF(OR(AE72=0, ISERR(AG72/AE72)), 0, AG72/AE72) -> 0 | AJ72: 1 | AK72: 46078 | AL72: 46078 | AP72: R023628 | AQ72: -10.957245 | AR72: -40.691234 | AU72: =VLOOKUP(I72,DADOS!B:C,2,0) -> 2300 | AV72: =AE72*2480 -> 0 | AX72: 0.488 | BA72: JCB-09N1 | BB72: J05580 | BG72: =BD72*BF72 -> 0 | BI72: R023628 | BJ72: ABRIR CH: J05580 PARA ADICIONAR FASE DO PG: R023628 AO B999649, SUBST. TF: V00016 POR 3F-30KVA, RECONDUTORAMENTO BT DO PG: B999648 AO B999683 E ENERGIZAR OBRA. | BK72: REVISADO APÓS ANÁLISE
A73: 9102156156 | B73: B-1213899 | C73: N/A | D73: N/A | E73: AC-COEL-FAZ-VELAME DE BAIXO-VELAME | F73: JACOBINA | G73: EM EXECUÇÃO | I73: RODRIGO SANTOS SILVA - MRA096553 | J73: ETEMILSON OLIVEIRA SANTOS - NTS149530 | K73: NATALICIO MENDES DA SILVA - U107662 | L73: PLANO 7 | M73: QLP | P73: 46056 | Q73: 46056 | R73: 46063 | S73: 2026-16935 | T73: 46082 | U73: N/A | V73: =X73 -> 2026-16642 | W73: =Y73 -> 46079 | X73: 2026-16642 | Y73: 46079 | Z73: APROVADA | AB73: E956668 AO E956671 | AC73: 0 | AD73: 0 | AE73: 7 | AF73: 7 | AH73: =AE73-AG73 -> 7 | AI73: =IF(OR(AE73=0, ISERR(AG73/AE73)), 0, AG73/AE73) -> 0 | AJ73: 1 | AK73: 46073 | AL73: 46079 | AP73: R010871 | AQ73: -11.196041 | AR73: -40.593457 | AS73: 100823.76 | AU73: =VLOOKUP(I73,DADOS!B:C,2,0) -> 2300 | AV73: =AE73*2480 -> 17360 | AX73: 0.338 | BA73: JCB-01M6 | BB73: J03671 | BC73: N55078 | BD73: 83 | BE73: 9 | BF73: 5 | BG73: 415 | BH73: FAZENDA VELAME DE BAIXO, FAZENDA VELAME, POVOADO VELAME DE BAIXO, POVOADO VELAME DE CIMA,POVOADO VELAME, RODOVIA JACOBINA MIGUEL CALMON. | BI73: R010871 | BJ73: ADICIONAR FASE DO PG: R010871 AO D702227 E ENERGIZAR OBRA. | BK73: REVISADO APÓS ANÁLISE
A74: 9102039793 | B74: B-1135060 | C74: N/A | D74: N/A | E74: ER-CIND-FAZ-JUREMINHA -RURAL | F74: JACOBINA | G74: EM EXECUÇÃO | I74: LUCIANO NUNES DA SILVA - MRA252517 | J74: GILVANDO RIOS DA CRUZ - NTS025538 | K74: RAFAEL SANTOS DA CRUZ - U469504 | L74: PLANO 7 | M74: LPT | P74: 46058 | Q74: 46059 | R74: 46063 | S74: 2026-16819 | T74: 46082 | U74: N/A | V74: =S74 -> 2026-16819 | W74: 46082 | X74: N/A | AB74: E956699 AO E956701 | AC74: 1 | AD74: 0 | AE74: 3 | AF74: 3 | AH74: =AE74-AG74 -> 3 | AI74: =IF(OR(AE74=0, ISERR(AG74/AE74)), 0, AG74/AE74) -> 0 | AJ74: 1 | AK74: 46071 | AL74: 46078 | AP74: R000376 | AQ74: -11,270379 | AR74: -40,289910 | AU74: =VLOOKUP(I74,DADOS!B:C,2,0) -> 2305 | AV74: =AE74*2480 -> 7440 | BA74: JCB-09N2 | BB74: G12521 | BG74: =BD74*BF74 -> 0 | BI74: R000376 | BJ74: INTERCALAR POSTE AT COM N1 E TRAFO ENTRE OS PG: R000376 - R000377, FECHAR CHAVE NOVA PRÓBIMO AO PG: R000376 E ENERGIZAR OBRA. | BK74: REVISADO APÓS ANÁLISE
A75: 9102107666 | B75: B-1156430 | E75: EQ GRUA FAZ DANIANA RURAL | F75: JACOBINA | G75: RETIRADA DA CARTEIRA | H75: ENVIAR PARA REVISÃO DE PROJETO CLIENTE ALTEROU PONTO DE ENTREGA / CONEXÃO SUBST. CABO4 POR 336,4 E INSTALAR RL | I75: RODRIGO SANTOS SILVA - MRA096553 | J75: ETEMILSON OLIVEIRA SANTOS - NTS149530 | K75: ERIC TEIXEIRA OLIVEIRA BARBOSA - U361045 | L75: PLANO 7 | M75: MMGD | N75: 46060 | O75: VISITAR | R75: 46063 | S75: 2026-16822 | T75: 46082 | U75: N/A | V75: =X75 -> 2026-16050 | W75: =Y75 | X75: 2026-16050 | Z75: CANCELADA | AC75: 0 | AD75: 0 | AE75: 0 | AH75: =AE75-AG75 -> 0 | AI75: =IF(OR(AE75=0, ISERR(AG75/AE75)), 0, AG75/AE75) -> 0 | AJ75: 1 | AK75: 46072 | AL75: 46072 | AP75: D699667 | AQ75: -11.141445 | AR75: -40.589509 | AU75: =VLOOKUP(I75,DADOS!B:C,2,0) -> 2300 | AV75: =AE75*2480 -> 0 | BA75: JCB-09N4 | BB75: N49874 | BG75: =BD75*BF75 -> 0 | BI75: D699667 | BJ75: SUBSTITUIR POSTE AT NO PG: D699667 POR 12/1500 E ENERGIZAR OBRA. | BK75: .
A76: 9101689592 | B76: B-0998925 | C76: B-1073654 | D76: B-1073655 | E76: ER-CIND-FAZ-04 IRMAS-ITAPURA | F76: MIGUEL CALMON | G76: CANCELADA | H76: CASA EM RUÍNAS - VISITA AR NAILTON | I76: LUCIANO NUNES DA SILVA - MRA252517 | J76: GILVANDO RIOS DA CRUZ - NTS025538 | K76: NAILTON SANTANA PEREIRA FILHO - U344575 | L76: PLANO 14.7.3-LPT | M76: LPT | P76: 46058 | Q76: 46058 | R76: 46062 | S76: 2026-16836 | T76: 46082 | U76: N/A | V76: =S76 -> 2026-16836 | W76: 46082 | X76: N/A | AB76: E956682 E E956683 | AC76: 1 | AE76: 2 | AH76: =AE76-AG76 -> 2 | AI76: =IF(OR(AE76=0, ISERR(AG76/AE76)), 0, AG76/AE76) -> 0 | AJ76: 1 | AK76: 46072 | AL76: 46078 | AP76: R035829 | AQ76: -11,553948 | AR76: -40,447567 | AU76: =VLOOKUP(I76,DADOS!B:C,2,0) -> 2305 | AV76: =AE76*2480 -> 4960 | BA76: MCM-01J2 | BB76: J13780 | BG76: =BD76*BF76 -> 0 | BI76: R035829 | BJ76: INTERCALAR 02 POSTES AT COM N1 E N1 E TRAFO ENTRE OS PG: R035829 - R035828 E ENERGIZAR OBRA. | BK76: .
A77: 9102125249 | B77: B-1162800 | C77: N/A | D77: N/A | E77: ER-CIND-ROD-JACOBINA-RURAL | F77: JACOBINA | G77: EM EXECUÇÃO | H77: ABRIR OC DE ENERGIZAÇÃO DIA 20/02 | I77: DOUGLAS DA SILVA MELO - MRA666519 | J77: ETEMILSON OLIVEIRA SANTOS - NTS149530 | K77: RICARDO SANTOS DE BRITO - U465100 | L77: PLANO 14.7.3-LPT - ALTERAR P/ 7 | M77: LPT | P77: 46059 | Q77: 46059 | R77: 46063 | S77: N/A | T77: N/A | U77: N/A | V77: 2026-17072 | W77: 46082 | X77: N/A | AC77: 1 | AD77: 0 | AE77: 4 | AF77: 4 | AG77: 4 | AH77: =AE77-AG77 -> 0 | AI77: =IF(OR(AE77=0, ISERR(AG77/AE77)), 0, AG77/AE77) -> 1 | AJ77: 1 | AK77: 46072 | AL77: 46078 | AP77: E236428 | AQ77: -11,219692 | AR77: -40,586395 | AU77: =VLOOKUP(I77,DADOS!B:C,2,0) -> 2299 | AV77: =AE77*2480 -> 9920 | AW77: 0.186 | BA77: JCB-01M6 | BB77: J03543 | BG77: =BD77*BF77 -> 0 | BI77: E236428 | BJ77: INTRECALAR POSTE BT ENTRE OS PG: E236428 - E236427 E ENERGIZAR OBRA. | BK77: REVISADO APÓS ANÁLISE
A78: 9102144670 | B78: B-1170718 | C78: N/A | D78: N/A | E78: ER-CIND-RUA-DAS FLORES-VARZEA DA LAGE | F78: JACOBINA | G78: ENERGIZADA | I78: RODRIGO SANTOS SILVA - MRA096553 | J78: ETEMILSON OLIVEIRA SANTOS - NTS149530 | K78: NATALICIO MENDES DA SILVA - U107662 | L78: PLANO 7 | M78: LPT OBRAS SIMPLIFICADAS | P78: 46055 | Q78: 46055 | R78: 46063 | S78: N/A | T78: N/A | U78: N/A | V78: 2026-17075 | W78: 46082 | X78: N/A | AB78: E956659 AO E956661 | AC78: 1 | AD78: 0 | AE78: 3 | AF78: 3 | AG78: 3 | AH78: =AE78-AG78 -> 0 | AI78: =IF(OR(AE78=0, ISERR(AG78/AE78)), 0, AG78/AE78) -> 1 | AJ78: 1 | AK78: 46073 | AL78: 46077 | AN78: 46058 | AO78: 2026-2-17617 | AP78: E215853 | AQ78: -11,221540 | AR78: -40,413281 | AU78: =VLOOKUP(I78,DADOS!B:C,2,0) -> 2300 | AV78: =AE78*2480 -> 7440 | BA78: JCB-01M5 | BB78: J04398 | BG78: =BD78*BF78 -> 0 | BI78: E215853 | BJ78: ENCABEÇAR RD BT NO PG: E215853 E ENERGIZAR OBRA. | BK78: REVISADO APÓS ANÁLISE
A79: 9102144775 | B79: B-1171886 | C79: B-1225401 | D79: B-1225496 | E79: ER-CIND-FAZ-CURTUME-RURAL | F79: MIGUEL CALMON | G79: EM EXECUÇÃO | H79: CLIENTE COM PADRÃO | I79: EMERSON DE CARVALHO SILVA - MRA152590 | J79: ETEMILSON OLIVEIRA SANTOS - NTS149530 | K79: NAILTON SANTANA PEREIRA FILHO - U344575 | L79: PLANO 14.4.12.1-LPT | M79: LPT | P79: 46058 | Q79: 46058 | R79: 46062 | S79: 2026-16847 | T79: 46082 | U79: N/A | V79: =S79 -> 2026-16847 | W79: 46082 | X79: N/A | AB79: E956691 | AC79: 1 | AE79: 1 | AF79: 1 | AG79: 1 | AH79: =AE79-AG79 -> 0 | AI79: =IF(OR(AE79=0, ISERR(AG79/AE79)), 0, AG79/AE79) -> 1 | AJ79: 1 | AK79: 46073 | AL79: 46078 | AP79: D096885 | AQ79: -11,308705 | AR79: -40,891932 | AU79: =VLOOKUP(I79,DADOS!B:C,2,0) -> 2332 | AV79: =AE79*2480 -> 2480 | BA79: MCM-01J4 | BB79: J56217 | BG79: =BD79*BF79 -> 0 | BI79: D096885 | BJ79: INTERCALAR POSTE AT COM N1 E TRAFO ENTRE OS PG: D096885 - D096884, FECHAR CHAVE NOVA PRÓBIMO AO PG: D096885 E ENERGIZAR OBRA. | BK79: REVISADO APÓS ANÁLISE
A80: 9102149269 | B80: B-1175524 | C80: N/A | D80: N/A | E80: ER-CIND-POV-OLHOS DAGUA DE CIMA-RURAL | F80: MIGUEL CALMON | G80: EM EXECUÇÃO | H80: ABRIR OC DE ENERGIZAÇÃO DIA 20/02 | I80: EMERSON DE CARVALHO SILVA - MRA152590 | J80: ETEMILSON OLIVEIRA SANTOS - NTS149530 | K80: NAILTON SANTANA PEREIRA FILHO - U344575 | L80: PLANO 7 | M80: LPT OBRAS SIMPLIFICADAS | P80: 46058 | Q80: 46058 | R80: 46062 | S80: N/A | T80: N/A | U80: N/A | V80: 2026-17078 | W80: 46082 | X80: N/A | AB80: E956688 AO E956690 | AC80: 1 | AD80: 0 | AE80: 3 | AF80: 3 | AG80: 3 | AH80: =AE80-AG80 -> 0 | AI80: =IF(OR(AE80=0, ISERR(AG80/AE80)), 0, AG80/AE80) -> 1 | AJ80: 1 | AK80: 46073 | AL80: 46079 | AP80: B185905 | AQ80: -11.320497 | AR80: -40.550886 | AU80: =VLOOKUP(I80,DADOS!B:C,2,0) -> 2332 | AV80: =AE80*2480 -> 7440 | BA80: MCM-01J4 | BB80: W64988 | BG80: =BD80*BF80 -> 0 | BI80: B185905 | BJ80: ENCABEÇAR RD BT NO PG: D185905 E ENERGIZAR OBRA. | BK80: REVISADO APÓS ANÁLISE
A81: 9101945870 | B81: B-1099356 | C81: B-1249661 | D81: B-1249742 | E81: ER-CIND-FAZ-CABO FRIO-TOMBADOR | F81: JACOBINA | G81: EM EXECUÇÃO | I81: CLEBSON REIS NETO - MRA148601 | J81: ETEMILSON OLIVEIRA SANTOS - NTS149530 | K81: ERIC TEIXEIRA OLIVEIRA BARBOSA - U361045 | L81: PLANO 14.4.12.1-LPT | M81: QLP | N81: 46057 | O81: OBRA VISITADA/ CONFORME PROJETO | P81: 46059 | Q81: 46059 | R81: 46063 | S81: 2026-16861 | T81: 46082 | U81: N/A | V81: 2026-17058 | W81: 46082 | X81: N/A | AA81: 1049766 | AB81: E971183 AO E971193 | AC81: =1+1 -> 2 | AD81: 1 | AE81: 11 | AF81: 11 | AG81: 4 | AH81: =AE81-AG81 -> 7 | AI81: =IF(OR(AE81=0, ISERR(AG81/AE81)), 0, AG81/AE81) -> 0.36363636 | AJ81: 1 | AK81: 46073 | AL81: 46078 | AP81: D699677 | AQ81: -11.080526 | AR81: -40.713829 | AU81: =VLOOKUP(I81,DADOS!B:C,2,0) -> 2303 | AV81: =AE81*2480 -> 27280 | AW81: N/A | AX81: N/A | BA81: JCB-09N4 | BB81: N36765 | BG81: =BD81*BF81 -> 0 | BI81: D699677 | BJ81: INTERCALAR POSTE AT COM N1-3 ENTRE OS PG: D699677 - D699733, FECHAR CHAVE NOVA PRÓXIMO AO PG: D699677 E ENERGIZAR OBRA. | BK81: REVISADO APÓS ANÁLISE
A82: 9101650926 | B82: B-0996660 | E82: AC-CIND-FAZ-TIGRE 300-RURAL CRUZ DE ALMA | F82: VÁRZEA DA ROÇA | G82: PROGRAMADA | I82: CAIQUE SILVA LIMA - MRA219559 | J82: GILVANDO RIOS DA CRUZ - NTS025538 | K82: MANOEL GUSTAVO OLIVEIRA DOS S CONCEICAO - U464710 | L82: PLANO 7 | M82: QLP | P82: 46059 | Q82: 46060 | R82: 46066 | S82: 2026-16901 | T82: 46082 | U82: N/A | V82: =X82 -> 2026-16029 | W82: =Y82 -> 46071 | X82: 2026-16029 | Y82: 46071 | Z82: APROVADA | AB82: E956719 | AC82: 0 | AD82: 0 | AE82: =2-1 -> 1 | AH82: =AE82-AG82 -> 1 | AI82: =IF(OR(AE82=0, ISERR(AG82/AE82)), 0, AG82/AE82) -> 0 | AJ82: 1 | AK82: 46071 | AL82: 46071 | AP82: L436793 | AQ82: -11,699621 | AR82: -40,012811 | AU82: =VLOOKUP(I82,DADOS!B:C,2,0) -> 2381 | AV82: =AE82*2480 -> 2480 | AX82: 0.2 | BA82: MUN-01N5 | BB82: T20294 | BG82: =BD82*BF82 -> 0 | BI82: L436793 | BJ82: INTERCALAR POSTE AT COM N1 E TRAFO ENTRE OS PG: L436793- L436795 E ENERGIZAR OBRA. | BK82: REVISADO APÓS ANÁLISE
A83: 9101380790 | B83: B-0939733 | E83: ER-CIND-POV TAMBADOR 1-TOMBADOR-JCB | F83: JACOBINA | G83: EM EXECUÇÃO | I83: RODRIGO SANTOS SILVA - MRA096553 | J83: ETEMILSON OLIVEIRA SANTOS - NTS149530 | K83: ERIC TEIXEIRA OLIVEIRA BARBOSA - U361045 | L83: PLANO 7 | M83: LPT | P83: 46059 | Q83: 46060 | R83: 46063 | S83: 2026-21147 | T83: 46082 | U83: N/A | V83: =S83 -> 2026-21147 | W83: 46082 | X83: N/A | AB83: E956716 AO E956718 | AC83: 1 | AD83: 0 | AE83: 3 | AF83: 3 | AG83: =2+1 -> 3 | AH83: =AE83-AG83 -> 0 | AI83: =IF(OR(AE83=0, ISERR(AG83/AE83)), 0, AG83/AE83) -> 1 | AJ83: 1 | AK83: 46074 | AL83: 46079 | AP83: D699714 | AQ83: -11,081851 | AR83: -40,704643 | AU83: =VLOOKUP(I83,DADOS!B:C,2,0) -> 2300 | AV83: =AE83*2480 -> 7440 | AW83: 0.187 | BA83: JCB-09N4 | BB83: N36765 | BG83: =BD83*BF83 -> 0 | BI83: D699714 | BJ83: INTERCALAR POSTE AT COM N1 ENTRE OS PG: D699714 - D699715, ENCABEÇAR RD BT NO PG: D699715 E ENERGIZAR OBRA. | BK83: REVISADO APÓS ANÁLISE
A84: 9101384122 | B84: B-0937756 | C84: N/A | D84: N/A | E84: ER-CIND-POV COVA DE BAIXO-RURAL-MGC | F84: MIGUEL CALMON | G84: CANCELADA | H84: CLIENTE JÁ ATENIDIDO ATRAVÉS DO PROJETO Y-0804985 / 9101014030 - ER-CCOL-POV COVA DE BAIXO-RURAL - MIGUEL CALMON | I84: EMERSON DE CARVALHO SILVA - MRA152590 | J84: ETEMILSON OLIVEIRA SANTOS - NTS149530 | K84: NAILTON SANTANA PEREIRA FILHO - U344575 | L84: PLANO 7 | M84: QLP | P84: FVP - 13/02/26 | Q84: 46058 | R84: 46062 | S84: N/A | T84: N/A | U84: N/A | V84: 2026-17079 | W84: 46082 | X84: N/A | AB84: E956686 AO E956687 | AC84: 1 | AD84: 0 | AE84: 2 | AH84: =AE84-AG84 -> 2 | AI84: =IF(OR(AE84=0, ISERR(AG84/AE84)), 0, AG84/AE84) -> 0 | AJ84: 1 | AK84: 46074 | AL84: 46078 | AP84: R017623 | AQ84: -11.388281 | AR84: -40.495356 | AU84: =VLOOKUP(I84,DADOS!B:C,2,0) -> 2332 | AV84: =AE84*2480 -> 4960 | BA84: JCB-01M5 | BB84: J04331 | BG84: =BD84*BF84 -> 0 | BI84: R017623 | BJ84: ENCABEÇAR RD BT NO PG: R017623 E ENERGIZAR OBRA. | BK84: REVISADO APÓS ANÁLISE
A85: 9101779618 | B85: B-1026905 | E85: AC-CIND-ET-JACOBINA ESCONCIO KM 18-RURAL | F85: JACOBINA | G85: PROGRAMADA | I85: RODRIGO SANTOS SILVA - MRA096553 | J85: ETEMILSON OLIVEIRA SANTOS - NTS149530 | K85: NATALICIO MENDES DA SILVA - U107662 | L85: PLANO 7 | M85: QLP | P85: 46060 | Q85: 46060 | R85: 46063 | S85: 2026-16908 | T85: 46082 | U85: N/A | V85: =S85 -> 2026-16908 | W85: 46082 | AB85: E956715 | AC85: 0 | AD85: 0 | AE85: 1 | AH85: =AE85-AG85 -> 1 | AI85: =IF(OR(AE85=0, ISERR(AG85/AE85)), 0, AG85/AE85) -> 0 | AJ85: 1 | AK85: 46072 | AL85: 46078 | AP85: D110448 | AQ85: -11,229715 | AR85: -40,312684 | AU85: =VLOOKUP(I85,DADOS!B:C,2,0) -> 2300 | AV85: =AE85*2480 -> 2480 | AW85: N/A | AX85: N/A | BA85: JCB-09N3 | BB85: J02121 | BG85: =BD85*BF85 -> 0 | BI85: D110448 | BJ85: INTERCALAR POSTE AT COM N1 E TRAFO ENTRE OS PG: D110448 - D110447 E ENERGIZAR OBRA. | BK85: REVISADO APÓS ANÁLISE
A86: 9101780659 | B86: B-1027693 | E86: AC-CIND-POV-QUEIMADA NOVA 50-RURAL | F86: MIGUEL CALMON | G86: EM EXECUÇÃO | H86: ABRIR OC DE ENERGIZAÇÃO DIA 18/02 | I86: EMERSON DE CARVALHO SILVA - MRA152590 | J86: ETEMILSON OLIVEIRA SANTOS - NTS149530 | K86: NAILTON SANTANA PEREIRA FILHO - U344575 | L86: PLANO 7 | M86: QLP | P86: 46058 | Q86: 46058 | R86: 46062 | S86: N/A | U86: N/A | V86: 2026-18177 | X86: N/A | AB86: E956684 AO E956685 | AC86: 1 | AD86: 0 | AE86: =5-3 -> 2 | AF86: 2 | AG86: 2 | AH86: 0 | AI86: =IF(OR(AE86=0, ISERR(AG86/AE86)), 0, AG86/AE86) -> 1 | AJ86: 1 | AK86: 46071 | AL86: 46076 | AP86: R034701 | AQ86: -11.369530 | AR86: -40.648903 | AU86: =VLOOKUP(I86,DADOS!B:C,2,0) -> 2332 | AV86: =AE86*2480 -> 4960 | BA86: MCM-01J4 | BB86: V19226 | BG86: =BD86*BF86 -> 0 | BI86: R034701 | BJ86: ENCABEÇAR RD BT NO PG: E059297 E ENERGIZAR OBRA. | BK86: REVISADO APÓS ANÁLISE
A87: 9102005211 | B87: B-1124357 | C87: B-1239939 | D87: B-1240186 | E87: ER-CIND-FAZ-CALDEIRAO 59-RURAL | F87: VÁRZEA DA ROÇA | G87: EM EXECUÇÃO | I87: CAIQUE SILVA LIMA - MRA219559 | J87: GILVANDO RIOS DA CRUZ - NTS025538 | K87: MANOEL GUSTAVO OLIVEIRA DOS S CONCEICAO - U464710 | L87: PLANO 14.4.12.1-LPT - ALTERAR P/ 7 | M87: LPT | P87: 46007 | Q87: 46009 | R87: 46058 | S87: 2026-16909 2026-23578 | T87: 46082 | U87: N/A | V87: =X87 -> 2026-18628 | X87: 2026-18628 | Y87: 46078 | Z87: APROVADA | AB87: E852092 AO E852093/E956677 | AC87: 1 | AD87: 0 | AE87: 4 | AF87: 4 | AG87: =1+1 -> 2 | AH87: =AE87-AG87 -> 2 | AI87: =IF(OR(AE87=0, ISERR(AG87/AE87)), 0, AG87/AE87) -> 0.5 | AJ87: 1 | AK87: 46072 | AL87: 46076 | AP87: R038550 | AQ87: -11,615855 | AR87: -40,200585 | AU87: =VLOOKUP(I87,DADOS!B:C,2,0) -> 2381 | AV87: =AE87*2480 -> 9920 | BA87: VDR-01V2 | BB87: H81175 | BG87: =BD87*BF87 -> 0 | BI87: R038550 | BJ87: INTERCALAR POSTE AT COM N4 ENTRE OS PG: R038550 - R038549, SUBSTITUIR POSTE AT POR 11/1000 NO PG: R038550 E ENERGIZAR OBRA. | BK87: REVISADO APÓS ANÁLISE
A88: 9102072299 | B88: B-1146568 | E88: IT-GRUA-ROD-BA 368 KM 28-RURAL | F88: OUROLÂNDIA | G88: PARALISADA | H88: PONTO DE ENTREGA NÃO EXECUTADO- INTERROMPER NOTA | I88: CLEBSON REIS NETO - MRA148601 | J88: ETEMILSON OLIVEIRA SANTOS - NTS149530 | K88: ERIC TEIXEIRA OLIVEIRA BARBOSA - U361045 | L88: PLANO 7 | M88: GRUPO A | N88: 46059 | P88: FVP - 06/02-26 | Q88: 46059 | R88: 46062 | S88: 2026-16919 | T88: 46082 | U88: N/A | V88: =S88 -> 2026-16919 | W88: 46082 | X88: N/A | AC88: 0 | AD88: 0 | AE88: 1 | AH88: =AE88-AG88 -> 1 | AI88: =IF(OR(AE88=0, ISERR(AG88/AE88)), 0, AG88/AE88) -> 0 | AJ88: 1 | AK88: 46078 | AL88: 46078 | AP88: D072159 | AQ88: -10,800059 | AR88: -41,023771 | AU88: =VLOOKUP(I88,DADOS!B:C,2,0) -> 2303 | AV88: =AE88*2480 -> 2480 | BA88: JCB-09N4 | BB88: J55540 | BG88: =BD88*BF88 -> 0 | BI88: D072159 | BJ88: INTERCALAR POSTE AT COM N1-3 ENTRE OS PG: D072159 - D072158 E ENERGIZAR OBRA. | BK88: .
A89: 9102129805 | B89: B-1165188 | C89: B-1195469 | D89: B-1195511 | E89: ER-CIND-FAZ-CANAVIAL 249-ITALEGRE | F89: BAIXA GRANDE | G89: PROGRAMADA | I89: CAIQUE SILVA LIMA - MRA219559 | J89: GILVANDO RIOS DA CRUZ - NTS025538 | K89: MANOEL GUSTAVO OLIVEIRA DOS S CONCEICAO - U464710 | L89: PLANO 14.4.12.1-LPT - ALTERAR P/ 7 | M89: LPT | P89: 46059 | Q89: 46062 | R89: 46066 | S89: N/A | T89: N/A | U89: N/A | V89: 2026-17081 | W89: 46082 | X89: N/A | AC89: 1 | AD89: 0 | AE89: 3 | AH89: =AE89-AG89 -> 3 | AI89: =IF(OR(AE89=0, ISERR(AG89/AE89)), 0, AG89/AE89) -> 0 | AJ89: 1 | AK89: 46071 | AL89: 46078 | AP89: L382294 | AQ89: -11,960430 | AR89: -40,223918 | AU89: =VLOOKUP(I89,DADOS!B:C,2,0) -> 2381 | AV89: =AE89*2480 -> 7440 | BA89: MUN-01N4 | BB89: T15928 | BG89: =BD89*BF89 -> 0 | BI89: L382294 | BJ89: ENCABEÇAR RD BT NO PG: L382294 E ENERGIZAR OBRA. | BK89: REVISADO APÓS ANÁLISE
A90: 9101852006 | B90: B-1055092 | E90: AC-CIND-ET-PIRITIBA A PAU FERRO-RURAL | F90: PIRITIBA | G90: EM EXECUÇÃO | H90: ABRIR OC DE ENERGIZAÇÃO DIA 20/02 | I90: CARLOS DA CRUZ SANTANA - MRA258541 | J90: ETEMILSON OLIVEIRA SANTOS - NTS149530 | K90: NAILTON SANTANA PEREIRA FILHO - U344575 | L90: PLANO 7 | M90: QLP | P90: 46059 | Q90: 46059 | R90: 46063 | S90: N/A | T90: N/A | U90: N/A | V90: 2026-17083 | W90: 46082 | X90: N/A | AB90: E956704 AO E956706 | AC90: 1 | AD90: 0 | AE90: 3 | AF90: 3 | AG90: =1+2 -> 3 | AH90: =AE90-AG90 -> 0 | AI90: =IF(OR(AE90=0, ISERR(AG90/AE90)), 0, AG90/AE90) -> 1 | AJ90: 1 | AK90: 46072 | AL90: 46078 | AP90: D172669 | AQ90: -11,749292 | AR90: -40,567062 | AU90: =VLOOKUP(I90,DADOS!B:C,2,0) -> 2349 | AV90: =AE90*2480 -> 7440 | BA90: MUN-01N1 | BB90: H72321 | BG90: =BD90*BF90 -> 0 | BI90: D172669 | BJ90: ENCABEÇAR RD BT NO PG: D172669 E ENERGIZAR OBRA. | BK90: REVISADO APÓS ANÁLISE
A91: 9101845588 | B91: B-1056746 | E91: AC-CIND-POV-ANDARAIA-RURAL | F91: PIRITIBA | G91: EM EXECUÇÃO | I91: CARLOS DA CRUZ SANTANA - MRA258541 | J91: ETEMILSON OLIVEIRA SANTOS - NTS149530 | K91: NAILTON SANTANA PEREIRA FILHO - U344575 | L91: PLANO 7 | M91: QLP | P91: 46059 | Q91: 46059 | R91: 46063 | S91: 2026-16920 | T91: 46082 | U91: N/A | V91: 2026-17064 | W91: 46082 | X91: N/A | AB91: E956707 AO E956710 | AC91: 2 | AD91: 0 | AE91: 4 | AF91: 4 | AG91: 3 | AH91: =AE91-AG91 -> 1 | AI91: =IF(OR(AE91=0, ISERR(AG91/AE91)), 0, AG91/AE91) -> 0.75 | AJ91: 1 | AK91: 46071 | AL91: 46079 | AP91: D072814 | AQ91: -11,699141 | AR91: -40,690683 | AU91: =VLOOKUP(I91,DADOS!B:C,2,0) -> 2349 | AV91: =AE91*2480 -> 9920 | BA91: TPM-01Z2 | BB91: J56535 | BG91: =BD91*BF91 -> 0 | BI91: D072814 | BJ91: INTERCALAR POSTE AT COM N1 E TRAFO ENTRE OS PG: D072814 - D072802, FECHAR CHAVE NOVA PRÓBIMO AO PG: D072802 E ENERGIZAR OBRA. | BK91: REVISADO APÓS ANÁLISE
A92: 9101883691 | B92: B-1068851 | E92: AC-CIND-POV-LAGEDO DO BRAGA-RURAL | F92: MIGUEL CALMON | G92: EM EXECUÇÃO | I92: LUCIANO NUNES DA SILVA - MRA252517 | J92: GilVANDO RIOS DA CRUZ - NTS025538 | K92: NAILTON SANTANA PEREIRA FILHO - U344575 | L92: PLANO 7 | M92: QLP | P92: 46058 | Q92: 46058 | R92: 46062 | S92: 2026-16923 | T92: 46082 | U92: N/A | V92: =S92 -> 2026-16923 | W92: 46082 | X92: N/A | AB92: E956695 AO E956698 | AC92: 1 | AD92: 0 | AE92: 4 | AF92: 3 | AH92: =AE92-AG92 -> 4 | AI92: =IF(OR(AE92=0, ISERR(AG92/AE92)), 0, AG92/AE92) -> 0 | AJ92: 1 | AK92: 46072 | AL92: 46081 | AP92: R037814 | AQ92: -11,423592 | AR92: -40,371507 | AU92: =VLOOKUP(I92,DADOS!B:C,2,0) -> 2305 | AV92: =AE92*2480 -> 9920 | BA92: MCM-01J2 | BB92: H76169 | BG92: =BD92*BF92 -> 0 | BI92: R037814 | BJ92: INTERCALAR POSTE AT COM N1 E TRAFO ENTRE OS PG: R037814 - R037813 E ENERGIZAR OBRA. | BK92: REVISADO APÓS ANÁLISE
A93: 9101986006 | B93: B-1113609 | C93: N/A | D93: N/A | E93: ER-CIND-POV-VITORIO-CATARINA | F93: OUROLÂNDIA | G93: CANCELADA | H93: CLIENT JÁ ATENDIDO PELA OBRA Y-1028026 - MP-CCOL-FAZ.JOÃO MAMÃO-RURAL - OUROLÂNDIA | I93: CLEBSON REIS NETO - MRA148601 | J93: ETEMILSON OLIVEIRA SANTOS - NTS149530 | K93: ERIC TEIXEIRA OLIVEIRA BARBOSA - U361045 | L93: PLANO 14.4.12.1-LPT | P93: 46056 | S93: 2026-16927 | T93: 46082 | U93: N/A | V93: =S93 -> 2026-16927 | W93: 46082 | X93: N/A | AC93: 1 | AE93: 1 | AH93: =AE93-AG93 -> 1 | AI93: =IF(OR(AE93=0, ISERR(AG93/AE93)), 0, AG93/AE93) -> 0 | AJ93: 1 | AK93: 46071 | AL93: 46080 | AP93: B567572 | AQ93: -10,877247 | AR93: -41,249440 | AU93: =VLOOKUP(I93,DADOS!B:C,2,0) -> 2303 | AV93: =AE93*2480 -> 2480 | BA93: OUL-01M1 | BB93: H90643 | BG93: =BD93*BF93 -> 0 | BI93: B567572 | BJ93: INTERCALAR POSTE AT COM N1 E TRAFO ENTRE OS PG: B567572 - B567571, FECHAR CHAVE NOVA PRÓBIMO AO PG: B567572 E ENERGIZAR OBRA. | BK93: .
A94: 9102141552 | B94: B-1166341 | C94: B-1182048 | D94: B-1182077 | E94: ER-CIND-FAZ-JENIPAPEIRO-RURAL | F94: JACOBINA | G94: EM EXECUÇÃO | I94: LUCIANO NUNES DA SILVA - MRA252517 | J94: GilVANDO RIOS DA CRUZ - NTS025538 | K94: RAFAEL SANTOS DA CRUZ - U469504 | L94: PLANO 14.4.12.1-LPT - ALTERAR P/ 7 | M94: LPT | N94: 45796 | P94: 45797 | Q94: 46056 | R94: 46063 | S94: N/A | T94: N/A | U94: N/A | V94: 2026-22250 | W94: 46082 | X94: N/A | AB94: E956672 ao E956676 | AC94: 9 | AD94: 0 | AE94: 5 | AF94: 5 | AG94: =4+1 -> 5 | AH94: =AE94-AG94 -> 0 | AI94: =IF(OR(AE94=0, ISERR(AG94/AE94)), 0, AG94/AE94) -> 1 | AJ94: 1 | AK94: 46071 | AL94: 46081 | AP94: B369452 | AQ94: -11,347057 | AR94: -40,485191 | AU94: =VLOOKUP(I94,DADOS!B:C,2,0) -> 2305 | AV94: =AE94*2480 -> 12400 | BA94: JCB-01M5 | BB94: V20402 | BG94: =BD94*BF94 -> 0 | BI94: B369452 | BJ94: ENCABEÇAR RD BT NO PG: B369452 E ENERGIZAR OBRA. | BK94: REVISADO APÓS ANÁLISE
A95: 9102367769 | B95: B-1242048 | C95: N/A | D95: N/A | E95: AC-CIND-FAZ-PAMPULHA-RURAL | F95: VÁRZEA DO POÇO | G95: PROGRAMADA | I95: CAIQUE SILVA LIMA - MRA219559 | J95: GILVANDO RIOS DA CRUZ - NTS025538 | K95: RAFAEL SANTOS DA CRUZ - U469504 | L95: PLANO 7 | M95: QLP | P95: 46056 | Q95: 46056 | R95: 46066 | S95: N/A | T95: N/A | U95: N/A | V95: =X95 -> 2026-16065 | W95: =Y95 -> 46072 | X95: 2026-16065 | Y95: 46072 | Z95: APROVADA | AC95: 1 | AD95: 0 | AE95: 0 | AH95: =AE95-AG95 -> 0 | AI95: =IF(OR(AE95=0, ISERR(AG95/AE95)), 0, AG95/AE95) -> 0 | AJ95: 1 | AK95: 46072 | AL95: 46072 | AP95: R040770 | AQ95: -11,538613 | AR95: -40,371584 | AU95: =VLOOKUP(I95,DADOS!B:C,2,0) -> 2381 | AV95: =AE95*2480 -> 0 | AX95: 0.169 | BA95: VDR-01V2 | BB95: E21128 | BG95: =BD95*BF95 -> 0 | BI95: R040770 | BJ95: ABRIR CHAVE DO TRAFO: XXX PARA RECONDUTORAMENTO BT DO PG: R040770 AO R040773 E ENERGIZAR OBRA. | BK95: REVISADO APÓS ANÁLISE
A96: 9102375513 | B96: B-1242063 | C96: N/A | D96: N/A | E96: ER-CIND-POV-ALTAMIRA 525-MASSAMBAO | F96: PIRITIBA | G96: EM EXECUÇÃO | I96: CARLOS DA CRUZ SANTANA - MRA258541 | J96: ETEMILSON OLIVEIRA SANTOS - NTS149530 | K96: NAILTON SANTANA PEREIRA FILHO - U344575 | L96: PLANO 7 | M96: QLP | P96: 46055 | Q96: 46056 | R96: 46063 | S96: 2026-16932 | T96: 46082 | U96: N/A | V96: =S96 -> 2026-16932 | W96: 46082 | X96: N/A | AB96: E956655 AO E956658 | AC96: 1 | AD96: 0 | AE96: 4 | AF96: 4 | AG96: 3 | AH96: =AE96-AG96 -> 1 | AI96: =IF(OR(AE96=0, ISERR(AG96/AE96)), 0, AG96/AE96) -> 0.75 | AJ96: 1 | AK96: 46072 | AL96: 46080 | AP96: R032722 | AQ96: -11,573000 | AR96: -40,646892 | AU96: =VLOOKUP(I96,DADOS!B:C,2,0) -> 2349 | AV96: =AE96*2480 -> 9920 | AW96: 0.292 | BA96: MCM-01J4 | BB96: J04696 | BG96: =BD96*BF96 -> 0 | BI96: R032722 | BJ96: INTERCALAR POSTE AT COM N1 ENTRE OS PG: R032722 - R032723, ENCABEÇAR RD BT NO PG: R032722 E ENERGIZAR OBRA. | BK96: REVISADO APÓS ANÁLISE
A97: 9102146204 | B97: B-1173379 | E97: ER-CIND-RUA-VARZEA DOS BOIS-CENTRO | F97: MIGUEL CALMON | G97: EM EXECUÇÃO | I97: EMERSON DE CARVALHO SILVA - MRA152590 | J97: ETEMILSON OLIVEIRA SANTOS - NTS149530 | K97: NATALICIO MENDES DA SILVA - U107662 | L97: PLANO 14.4.12.1-LPT | M97: LPT | P97: 46058 | Q97: 46059 | R97: 46062 | S97: N/A | T97: N/A | U97: N/A | V97: =X97 -> 2026-16612 | W97: =Y97 -> 46073 | X97: 2026-16612 | Y97: 46073 | Z97: APROVADA | AA97: 1049373 | AB97: E965028 AO E965038 | AC97: 1 | AE97: 11 | AF97: 11 | AG97: 11 | AH97: =AE97-AG97 -> 0 | AI97: =IF(OR(AE97=0, ISERR(AG97/AE97)), 0, AG97/AE97) -> 1 | AJ97: 1 | AK97: 46067 | AL97: 46079 | AP97: R033047 | AQ97: -11.463137 | AR97: -40,754921 | AS97: 88011.38 | AU97: =VLOOKUP(I97,DADOS!B:C,2,0) -> 2332 | AV97: =AE97*2480 -> 27280 | BA97: MCM-01J3 | BB97: J08326 | BG97: 0 | BI97: R033047 | BJ97: ABRIR CHAVE: J03329 P/ INTERCALAR POSTE BT ENTRE OS PG: R033047 - R033048 E ENERGIZAR OBRA. | BK97: REVISADO APÓS ANÁLISE
A98: 9101899602 | B98: B-1077490 | C98: B-1191387 | D98: B-1191814 | E98: LD-CIND-POV.AURORA RURAL | F98: OUROLÂNDIA | G98: EM EXECUÇÃO | I98: CLEBSON REIS NETO - MRA148601 | J98: =VLOOKUP(I98,DADOS!B:F,5,0) -> ETEMILSON OLIVEIRA SANTOS - NTS149530 | K98: ERIC TEIXEIRA OLIVEIRA BARBOSA - U361045 | L98: PLANO 14.4.12.1-LPT - ALTERAR P/ 7 | M98: AIC AUDITORIA OBRAS SIMPLIFICADAS | P98: 46062 | Q98: 46062 | R98: 46062 | S98: 2026-21200 | T98: 46093 | U98: N/A | V98: 2026-17056 | W98: 46085 | X98: N/A | AB98: E956723 AO E956726 | AC98: 1 | AD98: 0 | AE98: =5-1 -> 4 | AF98: 4 | AG98: 2 | AH98: =AE98-AG98 -> 2 | AI98: =IF(OR(AE98=0, ISERR(AG98/AE98)), 0, AG98/AE98) -> 0.5 | AJ98: 1 | AK98: 46075 | AL98: 46080 | AP98: B170875 | AQ98: -10.85198 | AR98: -41.023771 | AS98: 68479.75 | AU98: =VLOOKUP(I98,DADOS!B:C,2,0) -> 2303 | AV98: =AE98*2480 -> 9920 | BA98: JCB-09N4 | BB98: G06235 | BG98: =BD98*BF98 -> 0 | BI98: B170875 | BJ98: MONTAR BANCADA C/ N3 NO PG: B170875 E ENERGIZAR OBRA. | BK98: .
A99: 9101893892 | B99: B-1079863 | E99: ER-CIND-FAZ-MATA DO MEL-RURAL | F99: VÁRZEA NOVA | G99: RETIRADA DA CARTEIRA | H99: RETIADA DA CARTEIRA POR FALTA DE MATERIAIS E SENDO EXECUTADA PELA EPS SIPEL. | I99: DOUGLAS DA SILVA MELO - MRA666519 | J99: ETEMILSON OLIVEIRA SANTOS - NTS149530 | L99: PLANO 7 | M99: OUTROS | S99: 2026-21762 | U99: N/A | V99: 2026-21780 | X99: N/A | AA99: 1050204 | AB99: E973386 AO E973399 | AC99: 0 | AE99: 14 | AH99: =AE99-AG99 -> 14 | AI99: =IF(OR(AE99=0, ISERR(AG99/AE99)), 0, AG99/AE99) -> 0 | AJ99: 1 | AP99: D531135 | AQ99: -11.152636 | AR99: -40.840281 | AS99: 5210.84 | AU99: =VLOOKUP(I99,DADOS!B:C,2,0) -> 2299 | AV99: =AE99*2480 -> 34720 | BA99: JCB-09N4 | BB99: H62649 | BG99: =BD99*BF99 -> 0 | BI99: D531135 | BK99: 2026-21780
A100: 9101900215 | B100: B-1079517 | E100: ER-CIND-POV-SALINAS-SALINAS | F100: VÁRZEA NOVA | G100: RETIRADA DA CARTEIRA | H100: RETIADA DA CARTEIRA POR FALTA DE MATERIAIS E SENDO EXECUTADA PELA EPS SIPEL. | I100: RODRIGO SANTOS SILVA - MRA096553 | J100: ETEMILSON OLIVEIRA SANTOS - NTS149530 | L100: PLANO 7 | M100: OUTROS | S100: C/ DP | U100: N/A | V100: =X100 -> 2026-21710 | X100: 2026-21710 | Z100: CANCELADA | AA100: 1050205 | AB100: E973400 AO E973414 | AC100: 0 | AE100: 15 | AH100: =AE100-AG100 -> 15 | AI100: =IF(OR(AE100=0, ISERR(AG100/AE100)), 0, AG100/AE100) -> 0 | AJ100: 1 | AP100: Q131667 | AQ100: -11.222651 | AR100: -40.942862 | AS100: 5210.84 | AU100: =VLOOKUP(I100,DADOS!B:C,2,0) -> 2300 | AV100: =AE100*2480 -> 37200 | BA100: MCH-01C2 | BB100: J17556 | BG100: =BD100*BF100 -> 0 | BI100: Q131667 | BK100: .
...

Sheet JAN.26
A1: CARTEIRA: | B1: JAN/26 | E1: UTD JACOBINA | L1: PLANO 7 | M1: NÃO ATENDE UC | Q1: PINTAR DATA DE | AD1: PINTAR DE VERDE | AE1: =AE3/4 -> 181.5 | AF1: MÉDIA P/T | AG1: =AE3/12 -> 60.5 | AH1: =AE3*2480 -> 1800480 | AT1: =AT2/10 -> 209088
A2: Contrato JACOBINA: | B2: 4600086370 | E2: =E3/B3 -> 0.93 | F2: CARTEIRA 2025 | L2: PLANO 14.4.12.1-LPT | M2: LPT DEFINITIVO - ATENDE UC | Q2: VERDE QUANDO | AD2: QUANDO LIGADOS | AE2: =AE3/B3 -> 7.26 | AF2: =AF3/AE3 -> 0.9214876 | AG2: =AG3/AE3 -> 0.9214876 | AH2: =AH3/AE3 -> 0.078512397 | AT2: =AE3*2880 -> 2090880 | AV2: =AE2*2480 -> 18004.8
A3: QTD. OBRAS | B3: =SUBTOTAL(3,B5:B113) -> 100 | E3: 93 | L3: PLANO 14.7.3-LPT | M3: LPT PROVISÓRIO - TEM QUE VALIDAR UC | Q3: CRIADAS | AB3: TOTAIS: | AC3: =SUBTOTAL(9,AC5:AC113) -> 127 | AD3: =SUBTOTAL(9,AD5:AD113) -> 16 | AE3: =SUBTOTAL(9,AE5:AE113) -> 726 | AF3: =SUBTOTAL(9,AF5:AF113) -> 669 | AG3: =SUBTOTAL(9,AG5:AG113) -> 669 | AH3: =SUBTOTAL(9,AH5:AH113) -> 57 | AQ3: MAPA GERAL | AS3: =SUBTOTAL(9,AS5:AS113) -> 6480556.5 | AT3: =SUBTOTAL(9,AT5:AT113) -> 0 | AV3: =AE3*2480 -> 1800480 | AW3: =SUBTOTAL(9,AW5:AW113) -> 10.82 | AX3: =SUBTOTAL(9,AX5:AX113) -> 0.864
A4: NOTA | B4: PEP OBRA | C4: PEP KIT | D4: PEP MED | E4: TÍTULO | F4: MUNICIPIO | G4: STATUS DA OBRA | H4: OBS STATUS | I4: ENCARREGADO | J4: SUPERVISOR | K4: AR COELBA | L4: PLANO INVESTIMENTO | M4: CRITERIO | N4: VISITA PRÉVIA | O4: OBS. VISITA | P4: ANÁLISE PROJETO PRÉ-FECH. | Q4: SOLICITAÇÃO DE RESERVA | R4: DATA SAQUE MATERIAIS | S4: PES LV | T4: VENCIMENTO | U4: PES LM | V4: PES ENERGIZAÇÃO | W4: VENCIMENTO | X4: PES PD | Y4: DATA PD | Z4: STATUS PES PD | AA4: SI PG | AB4: PG's | AC4: CLIENTES PREVISTOS | AD4: QTD. UC'S VALIDADAS LPT | AE4: POSTES PREVISTOS | AF4: CAVA REALIZADA | AG4: POSTES REALIZADO | AH4: POSTES À IMPLANTA | AI4: AVNR | AJ4: AVNP | AK4: INCIO PREVISTO | AL4: FIM PREVISTO | AM4: REPROGRAMAÇÃO FIM | AN4: DATA ENERGIZAÇÃO REAL | AO4: OC DE ENERG. | AP4: PG REFERÊNCIA | AQ4: LATITUDE | AR4: LONGITUDE | AS4: VALOR DE PROJETO | AT4: VALOR DE SERVIÇO | AU4: CÓDIGO EQUIPE | AV4: PROVAVEL ROCHA | AW4: CABO 1B25 | AX4: CABO 3B35 | AY4: OBS | AZ4: AVALIAÇÃO SERVIÇO | BA4: SUBESTAÇÃO ALIMENTADOR | BB4: CHAVE PRINCIPAL | BC4: CHAVE PD | BD4: QTD. UC'S | BE4: VIP | BF4: QTD. H DP | BG4: CHI | BH4: LOCAIS ATINGIDOS | BI4: PG REFERÊNCIA | BJ4: SERVIÇO | BK4: RASCUNHO | BL4: DATA SAQUE MAT. LC | BM4: DATA EXECUÇÃO LC | BN4: TURMA LC | BO4: NÃO ELIMINAR ESTA COLUNA | BP4: NÃO ELIMINAR ESTA COLUNA | BQ4: NÃO ELIMINAR ESTA COLUNA | BR4: PROGRAMAÇÃO LV
A5: 9102125176 | B5: B-1161926 | C5: B-1189407 | D5: B-1189428 | E5: ER-CIND-FAZ-BOLIVIA-RURAL | F5: BAIXA GRANDE | G5: ENERGIZADA | I5: DIOGO CRUZ DOS SANTOS - MRA177595 | J5: =VLOOKUP(I5,DADOS!B:F,5,0) -> GILVANDO RIOS DA CRUZ - NTS025538 | K5: NAILTON SANTANA PEREIRA FILHO - U344575 | L5: PLANO 14.4.12.1-LPT - ALTERAR P/ 7 | M5: LPT OBRAS SIMPLIFICADAS | P5: 46006 | Q5: 46010 | R5: 46029 | S5: N/A | T5: N/A | U5: N/A | V5: 2025-162934 | W5: 46054 | X5: N/A | AB5: E836180 AO E836181 | AC5: 1 | AD5: 0 | AE5: 2 | AF5: 2 | AG5: 2 | AH5: =AE5-AG5 -> 0 | AI5: =IF(OR(AE5=0, ISERR(AG5/AE5)), 0, AG5/AE5) -> 1 | AJ5: 1 | AK5: 46031 | AL5: 46031 | AN5: 46030 | AO5: 2026-1-41080 | AP5: L382657 | AQ5: -11,987972 | AR5: -40,208185 | AS5: 12560.48 | AU5: =VLOOKUP(I5,DADOS!B:C,2,0) -> 2304 | AV5: =AE5*2480 -> 4960 | AW5: 0.11 | BA5: MUN-01N3 | BB5: T16289 | BG5: =BD5*BF5 -> 0 | BI5: L382657 | BJ5: ENCABEÇAR RD BT NO PG: L382657 E ENERGIZAR OBRA. | BK5: . | BR5: =VLOOKUP(B5,'Página133'!C:C,1,0) -> #REF!
A6: 9102142082 | B6: B-1168461 | C6: B-1239994 | D6: B-1240259 | E6: ER-CIND-FAZ-BOLIVIA-RURAL | F6: BAIXA GRANDE | G6: ENERGIZADA | I6: DIOGO CRUZ DOS SANTOS - MRA177595 | J6: =VLOOKUP(I6,DADOS!B:F,5,0) -> GILVANDO RIOS DA CRUZ - NTS025538 | K6: NAILTON SANTANA PEREIRA FILHO - U344575 | L6: PLANO 14.7.3-LPT - ALTERAR P/ 7 | M6: LPT OBRAS SIMPLIFICADAS | P6: 46006 | Q6: 46010 | R6: 46029 | S6: N/A | T6: N/A | U6: N/A | V6: 2025-162942 | W6: 46054 | X6: N/A | AB6: E836182 AO E836184 | AC6: 1 | AD6: 0 | AE6: 3 | AF6: 3 | AG6: 3 | AH6: =AE6-AG6 -> 0 | AI6: =IF(OR(AE6=0, ISERR(AG6/AE6)), 0, AG6/AE6) -> 1 | AJ6: 1 | AK6: 46035 | AL6: 46041 | AN6: 46036 | AO6: 2026-1-60669 | AP6: L382664 | AQ6: -11,987804 | AR6: -40,210105 | AS6: 29586.04 | AU6: =VLOOKUP(I6,DADOS!B:C,2,0) -> 2304 | AV6: =AE6*2480 -> 7440 | AW6: 0.18 | BA6: MUN-01N3 | BB6: T16289 | BG6: =BD6*BF6 -> 0 | BI6: L382664 | BJ6: ENCABEÇAR RD BT NO PG: L382664 E ENERGIZAR OBRA. | BK6: . | BR6: =VLOOKUP(B6,'Página133'!C:C,1,0) -> #REF!
A7: 9102355057 | B7: B-1234315 | C7: N/A | D7: N/A | E7: ER-CIND-POV-NOVO SITIO 58-NOVO SITIO | F7: BAIXA GRANDE | G7: ENERGIZADA | I7: DIOGO CRUZ DOS SANTOS - MRA177595 | J7: =VLOOKUP(I7,DADOS!B:F,5,0) -> GILVANDO RIOS DA CRUZ - NTS025538 | K7: NAILTON SANTANA PEREIRA FILHO - U344575 | L7: PLANO 14.4.12.1-LPT - ALTERAR P/ 7 | M7: QLP | P7: 46006 | Q7: 46010 | R7: 46029 | S7: N/A | T7: N/A | U7: N/A | V7: 2025-162944 | W7: 46054 | X7: N/A | AB7: E836185 AO E836188 | AC7: 1 | AD7: 0 | AE7: 4 | AF7: 4 | AG7: 4 | AH7: =AE7-AG7 -> 0 | AI7: =IF(OR(AE7=0, ISERR(AG7/AE7)), 0, AG7/AE7) -> 1 | AJ7: 1 | AK7: 46029 | AL7: 46041 | AN7: 46030 | AO7: 2026-1-40881 | AP7: L435451 | AQ7: -11,843772 | AR7: -40,179003 | AS7: 27597.45 | AU7: =VLOOKUP(I7,DADOS!B:C,2,0) -> 2304 | AV7: =AE7*2480 -> 9920 | AW7: 0.24 | BA7: MUN-01N4 | BB7: T15882 | BG7: =BD7*BF7 -> 0 | BI7: L435451 | BJ7: ENCABEÇAR RD BT NO PG: L435451 E ENERGIZAR OBRA. | BK7: . | BR7: =VLOOKUP(B7,'Página133'!C:C,1,0) -> #REF!
A8: 9102357080 | B8: B-1234868 | C8: N/A | D8: N/A | E8: ER-CIND-POV PAGAO 701-PAGAO | F8: BAIXA GRANDE | G8: ENERGIZADA | I8: DIOGO CRUZ DOS SANTOS - MRA177595 | J8: =VLOOKUP(I8,DADOS!B:F,5,0) -> GILVANDO RIOS DA CRUZ - NTS025538 | K8: NAILTON SANTANA PEREIRA FILHO - U344575 | L8: PLANO 14.4.12.1-LPT - ALTERAR P/ 7 | M8: QLP | P8: 46007 | Q8: 46010 | R8: 46029 | S8: 2026-8693 | T8: 46073 | U8: N/A | V8: =S8 -> 2026-8693 | W8: 46054 | X8: N/A | AB8: E852079 AO E852081 | AC8: 1 | AD8: 0 | AE8: 3 | AF8: 3 | AG8: 3 | AH8: =AE8-AG8 -> 0 | AI8: =IF(OR(AE8=0, ISERR(AG8/AE8)), 0, AG8/AE8) -> 1 | AJ8: 1 | AK8: 46029 | AL8: 46041 | AN8: 46042 | AO8: 2026-1-81091 | AP8: D241077 | AQ8: -11,857348 | AR8: -40,140947 | AS8: 19923.61 | AU8: =VLOOKUP(I8,DADOS!B:C,2,0) -> 2304 | AV8: =AE8*2480 -> 7440 | BA8: MUN-01N4 | BB8: H87564 | BG8: =BD8*BF8 -> 0 | BI8: D241077 | BJ8: ENCABEÇAR RD BT NO PG: D241077 E ENERGIZAR OBRA. | BK8: CRIAR | BR8: =VLOOKUP(B8,'Página133'!C:C,1,0) -> #REF!
A9: 9100059054 | B9: B-0450746 | E9: LD - FAZ. QUEIMADAS | F9: BAIXA GRANDE | G9: RETIRADA DA CARTEIRA | H9: SUBST. PELA OBRA B-0433453 - LD - FAZ. QUEIMADAS, QUE É UMA DUPLICIDADE COM A OBRA B-0433446. | I9: EMERSON DE CARVALHO SILVA - MRA152590 | J9: =VLOOKUP(I9,DADOS!B:F,5,0) -> ETEMILSON OLIVEIRA SANTOS - NTS149530 | K9: NAILTON SANTANA PEREIRA FILHO - U344575 | L9: PLANO 7 | M9: OUTROS | V9: S/ MAGNÉTICO | AC9: 0 | AE9: 14 | AH9: =AE9-AG9 -> 14 | AI9: =IF(OR(AE9=0, ISERR(AG9/AE9)), 0, AG9/AE9) -> 0 | AN9: 46052 | AP9: SEM MAGNETICO | AS9: 59210.5 | AU9: =VLOOKUP(I9,DADOS!B:C,2,0) -> 2332 | AV9: =AE9*2480 -> 34720 | BG9: =BD9*BF9 -> 0 | BI9: SMG | BK9: . | BR9: =VLOOKUP(B9,'Página133'!C:C,1,0) -> #REF!
A10: 9102080940 | B10: B-1146184 | C10: N/A | D10: N/A | E10: ER-CIND-POV-CAMPO LIMPO-MANDACARU-RURAL | F10: BAIXA GRANDE | G10: ENERGIZADA | H10: MIGRADO DE DEZ/2025 | I10: DIOGO CRUZ DOS SANTOS - MRA177595 | J10: =VLOOKUP(I10,DADOS!B:F,5,0) -> GILVANDO RIOS DA CRUZ - NTS025538 | K10: NAILTON SANTANA PEREIRA FILHO - U344575 | L10: PLANO 7 | M10: PRIORIDADE PLANO ANEEL | N10: 45988 | O10: Instalar Bancada no poste eBistente PG E532264, N3 | P10: 45986 | Q10: 45986 | R10: 45993 | S10: 2026-757 | T10: 46059 | U10: N/A | V10: 2026-773 | W10: 46059 | X10: N/A | AB10: E810382 E E810383 | AC10: 1 | AD10: 0 | AE10: 2 | AF10: 2 | AG10: 2 | AH10: =AE10-AG10 -> 0 | AI10: =IF(OR(AE10=0, ISERR(AG10/AE10)), 0, AG10/AE10) -> 1 | AJ10: 1 | AK10: 46000 | AL10: 46030 | AN10: 46034 | AO10: 2026-1-53443 | AP10: L434475 | AQ10: -12,012929 | AR10: -40,081908 | AS10: 24261.49 | AU10: =VLOOKUP(I10,DADOS!B:C,2,0) -> 2304 | AV10: =AE10*2480 -> 4960 | BA10: MUN-01N4 | BB10: T16021 | BG10: =BD10*BF10 -> 0 | BI10: L434475 | BJ10: MONTAR BANCADA P/ TRAFO NO POSTE NOVO PRÓBIMO AO PG: L434475, FECHAR CHAVE NOVA PRÓBIMO AO PG: L434475 E ENERGIZAR OBRA. | BK10: REVISADO APÓS ANÁLISE | BR10: =VLOOKUP(B10,'Página133'!C:C,1,0) -> #REF!
A11: 9102203517 | B11: B-1191504 | C11: N/A | D11: N/A | E11: IE-REGULADOR-VLN-01N5-A246999 | F11: GAVIÃO | G11: ENERGIZADA | H11: REGULADORES DE TENSÃO | I11: CAIQUE SILVA LIMA - MRA219559 | J11: =VLOOKUP(I11,DADOS!B:F,5,0) -> GILVANDO RIOS DA CRUZ - NTS025538 | K11: MANOEL GUSTAVO OLIVEIRA DOS S CONCEICAO - U464710 | L11: PLANO 8 | M11: EQUIPAMENTO | N11: OK | P11: 46027 | Q11: 46027 | R11: 46029 | S11: 2026-1362 2026-1368 2026-3870 2026-1367 2026-8325 | T11: 46059 | U11: N/A | V11: 2026-1367 | W11: 46059 | X11: N/A | AA11: N/A | AB11: E852153 E E852154 | AC11: 0 | AD11: 0 | AE11: 2 | AF11: 2 | AG11: 2 | AH11: =AE11-AG11 -> 0 | AI11: =IF(OR(AE11=0, ISERR(AG11/AE11)), 0, AG11/AE11) -> 1 | AJ11: 1 | AK11: 46028 | AL11: 46035 | AN11: 46035 | AO11: 2026-1-55956 | AP11: A262506 | AQ11: -11,506500 | AR11: -39,735161 | AS11: 409763.77 | AU11: =VLOOKUP(I11,DADOS!B:C,2,0) -> 2381 | AV11: =AE11*2480 -> 4960 | BA11: VLN-01N5 | BB11: W62036 | BG11: =BD11*BF11 -> 0 | BI11: A262506 | BJ11: INTERCALAR 02 POSTES AT COM N1 E BANCO DE RELIGADOR ENTRE OS PG: A262506 - A262505, INSTALAR REGULADOR E ENERGIZAR OBRA. | BK11: . | BR11: =VLOOKUP(B11,'Página133'!C:C,1,0) -> #REF!
A12: 9101929323 | B12: B-1091401 | C12: N/A | D12: N/A | E12: RR-CIND-FAZ-PIANCO-RURAL ITAIPU | F12: JACOBINA | G12: ENERGIZADA | H12: MIGRADO DE DEZ/2025 | I12: CARLOS DA CRUZ SANTANA - MRA258541 | J12: =VLOOKUP(I12,DADOS!B:F,5,0) -> ETEMILSON OLIVEIRA SANTOS - NTS149530 | K12: NATALICIO MENDES DA SILVA - U107662 | L12: PLANO 7 | M12: LPT | N12: 45979 | O12: VISITADA PELO ENCARREGADO, CONFORME PROJETO | P12: 45980 | Q12: 45981 | R12: 45994 | S12: 2025-147958 | U12: N/A | V12: 2026-776 | W12: 46059 | X12: N/A | AA12: 1043404 | AB12: E918169 AO E918182 | AC12: 2 | AD12: 0 | AE12: 13 | AF12: =9+4 -> 13 | AG12: =7+6 -> 13 | AH12: =AE12-AG12 -> 0 | AI12: =IF(OR(AE12=0, ISERR(AG12/AE12)), 0, AG12/AE12) -> 1 | AJ12: 1 | AK12: 45996 | AL12: 46009 | AN12: 46027 | AO12: 2026-1-25059 | AP12: B652820 | AQ12: -11,327683 | AR12: -40,487102 | AS12: 66545.75 | AU12: =VLOOKUP(I12,DADOS!B:C,2,0) -> 2349 | AV12: =AE12*2480 -> 32240 | AW12: 0.39 | BA12: JCB-01M5 | BB12: J58052 | BG12: =BD12*BF12 -> 0 | BI12: B652820 | BJ12: ALTERAR ESTRUTURA DE N3-3 P/ N4-3 NO PG: B652820, FECHAR CHAVE NOVA PRÓBIMO AO PG: B652820 E ENERGIZAR OBRA. | BK12: REVISADO APÓS ANÁLISE | BR12: =VLOOKUP(B12,'Página133'!C:C,1,0) -> #REF!
A13: 9101866876 | B13: B-1065896 | C13: N/A | D13: N/A | E13: LD-CIND-FAZ PIANCO-RURAL-JCB | F13: JACOBINA | G13: ENERGIZADA | H13: MIGRADO DE DEZ/2025 | I13: GERALDO DA COSTA GOMES - MRA571535 | J13: =VLOOKUP(I13,DADOS!B:F,5,0) -> ETEMILSON OLIVEIRA SANTOS - NTS149530 | K13: NATALICIO MENDES DA SILVA - U107662 | L13: PLANO 7 | M13: LPT | N13: 45979 | O13: VISITADA PELO ENCARREGADO. APTA. | P13: 45980 | Q13: 45981 | R13: 45993 | S13: 2025-152039 | U13: 2026-2848 | V13: 2026-778 | W13: 46059 | X13: N/A | AA13: 1043415 | AB13: E918316 AO E918322 | AC13: 1 | AD13: 0 | AE13: 15 | AF13: =6+6+2+1 -> 15 | AG13: =7+7+1 -> 15 | AH13: =AE13-AG13 -> 0 | AI13: =IF(OR(AE13=0, ISERR(AG13/AE13)), 0, AG13/AE13) -> 1 | AJ13: 1 | AK13: 45995 | AL13: 46029 | AN13: 46031 | AO13: 2026-1-43975 | AP13: D089029 | AQ13: -11,311038 | AR13: -40,480778 | AS13: 131125.23 | AU13: =VLOOKUP(I13,DADOS!B:C,2,0) -> 2302 | AV13: =AE13*2480 -> 37200 | AW13: N/A | AX13: N/A | BA13: JCB-01M5 | BB13: J58065 | BG13: =BD13*BF13 -> 0 | BI13: D089029 | BJ13: SUBSTITUIR POSTE AT 11/600 POR 11/1000 C/ N3 CE3 NO PG: D089029 , FECHAR CHAVE NOVA PRÓBIMO AO PG: D089029 E ENERGIZAR OBRA. | BK13: REVISADO APÓS ANÁLISE | BR13: =VLOOKUP(B13,'Página133'!C:C,1,0) -> #REF!
A14: 9102348727 | B14: B-1231135 | C14: N/A | D14: N/A | E14: RR-CIND-POV-PAU FERRO-PARAISO | F14: JACOBINA | G14: ENERGIZADA | H14: MIGRADO DE DEZ/2025 | I14: RODRIGO SANTOS SILVA - MRA096553 | J14: =VLOOKUP(I14,DADOS!B:F,5,0) -> ETEMILSON OLIVEIRA SANTOS - NTS149530 | K14: NATALICIO MENDES DA SILVA - U107662 | L14: PLANO 7 | M14: QLP | N14: 45988 | O14: VISITADA / EXECUTAR CONFORME PROJETO | P14: 45989 | Q14: 45989 | R14: 46001 | S14: 2025-151250 2025-151257 2026-1372 | U14: N/A | V14: 2026-782 | W14: 46059 | X14: 2025-151973 | Y14: 46007 | Z14: CONCLUÍDA | AA14: 1043421 | AB14: E918552 AO E918558 | AC14: 4 | AD14: 0 | AE14: =8-1 -> 7 | AF14: =6+1 -> 7 | AG14: =6+1 -> 7 | AH14: =AE14-AG14 -> 0 | AI14: =IF(OR(AE14=0, ISERR(AG14/AE14)), 0, AG14/AE14) -> 1 | AJ14: 1 | AK14: 46007 | AL14: 46011 | AN14: 46027 | AO14: 2026-1-22242 | AP14: R010445 | AQ14: -11,167066 | AR14: -40,623383 | AS14: 95698.79 | AU14: =VLOOKUP(I14,DADOS!B:C,2,0) -> 2300 | AV14: =AE14*2480 -> 17360 | AW14: 0.18 | BA14: JCB-01M6 | BB14: W63726 | BC14: J54721, J03577, J03578, G16761 | BD14: 252 | BE14: 14 | BF14: 4 | BG14: =BD14*BF14 -> 1008 | BH14: ESTRADA PAU FERRO, POVOADO PAU FERRO, RUA PAU FERRO. | BI14: R010445 | BJ14: FECHAR CHAVE NOVA PRÓBIMO AO PG: R010445 E ENERGIZAR OBRA. | BK14: REVISADO APÓS ANÁLISE | BR14: =VLOOKUP(B14,'Página133'!C:C,1,0) -> #REF!
A15: 9101728271 | B15: B-1055194 | C15: N/A | D15: N/A | E15: MP-CIND-RUA-DO TAMANCO-RURAL | F15: MIGUEL CALMON | G15: ENERGIZADA | H15: EXECUTAR EM CONJUNTO COM B-1135561 | I15: CLEBSON REIS NETO - MRA148601 | J15: =VLOOKUP(I15,DADOS!B:F,5,0) -> ETEMILSON OLIVEIRA SANTOS - NTS149530 | K15: NATALICIO MENDES DA SILVA - U107662 | L15: PLANO 7 | M15: LPT | N15: 46008 | O15: VISITADA PELO ENCARREGADO. | P15: 46008 | Q15: 46010 | R15: 46029 | S15: 2025-162650 | T15: 46054 | U15: N/A | V15: 2025-163159 | W15: 46054 | X15: 2025-162602 | Y15: 46036 | Z15: APROVADA | AA15: 1045670 | AB15: E932177 AO E932190 | AC15: 2 | AD15: 0 | AE15: 13 | AF15: 13 | AG15: 13 | AH15: =AE15-AG15 -> 0 | AI15: =IF(OR(AE15=0, ISERR(AG15/AE15)), 0, AG15/AE15) -> 1 | AJ15: 0.5 | AK15: 46028 | AL15: 46036 | AN15: 46042 | AO15: 2026-1-80954 | AP15: R037018 | AQ15: -11.308754 | AR15: -40,651573 | AS15: 127283.38 | AU15: =VLOOKUP(I15,DADOS!B:C,2,0) -> 2303 | AV15: =AE15*2480 -> 32240 | AW15: 0.11 | BA15: MCM-01J4 | BB15: J08711 | BG15: =BD15*BF15 -> 0 | BI15: R037018 | BJ15: INTERCALAR POSTE AT COM N4-3 ENTRE OS PG: R037024 - R037025, FECHAR CHAVE NOVA PRÓBIMO AO PG: R037024 E ENERGIZAR OBRA. | BK15: . | BR15: =VLOOKUP(B15,'Página133'!C:C,1,0) -> #REF!
A16: 9101864891 | B16: B-1058844 | C16: N/A | D16: N/A | E16: AC-CIND-POV-MULUNGU D CHIOLA-RURAL | F16: MIGUEL CALMON | G16: ENERGIZADA | H16: DERIVA DO PROJETO: B-1036895 | I16: JAILTON DA SILVA - MRA811574 | J16: =VLOOKUP(I16,DADOS!B:F,5,0) -> ETEMILSON OLIVEIRA SANTOS - NTS149530 | K16: NAILTON SANTANA PEREIRA FILHO - U344575 | L16: PLANO 7 | M16: INSTITUCIONAL | N16: 46008 | O16: VISITADA PELO ENCARREGADO. DERIVAR DO POSTE PG E815835. | P16: 46008 | Q16: 46008 | R16: 46029 | S16: 2025-162646 | T16: 46054 | U16: N/A | V16: 2025-163153 | W16: 46054 | X16: N/A | AA16: 1045665 | AB16: E932091 AO E932136 E852119 E E852120 | AC16: 4 | AD16: 0 | AE16: =46+2 -> 48 | AF16: 48 | AG16: 48 | AH16: =AE16-AG16 -> 0 | AI16: =IF(OR(AE16=0, ISERR(AG16/AE16)), 0, AG16/AE16) -> 1 | AJ16: 0.5 | AK16: 46028 | AL16: 46052 | AN16: 46051 | AO16: 2026-1-112949 | AP16: E815830 | AQ16: -11,405470 | AR16: -40,631321 | AS16: 413451.93 | AU16: =VLOOKUP(I16,DADOS!B:C,2,0) -> 2301 | AV16: =AE16*2480 -> 119040 | AW16: 0.12 | BA16: MCM-01J3 | BB16: E29348 | BG16: =BD16*BF16 -> 0 | BI16: E815830 | BJ16: INTERCALAR POSTE AT COM N4-3 PRÓBIMO AO PG: E815830, FECHAR CHAVE NOVA PRÓBIMO AO PG: E815830 E ENERGIZAR OBRA. | BK16: . | BO16: Trafo 10kva, alca de cabo 4, cabo pot | BR16: =VLOOKUP(B16,'Página133'!C:C,1,0) -> #REF!
A17: 9101891195 | B17: B-1073507 | C17: B-1239831 | D17: B-1240091 | E17: ER-CIND-POV ASSA PEIXE-RURAL ITAPURA | F17: MIGUEL CALMON | G17: ENERGIZADA | H17: VISITA EMERSON | I17: EMERSON DE CARVALHO SILVA - MRA152590 | J17: =VLOOKUP(I17,DADOS!B:F,5,0) -> ETEMILSON OLIVEIRA SANTOS - NTS149530 | K17: NATALICIO MENDES DA SILVA - U107662 | L17: PLANO 14.7.3-LPT - ALTERAR P/ 7 | M17: AIC AUDITORIA | P17: 46006 | Q17: 46010 | R17: 46029 | S17: 2025-162648 | T17: 46054 | U17: N/A | V17: 2025-163156 | W17: 46054 | X17: N/A | AA17: 1045666 | AB17: E932154 AO E932161 | AC17: 2 | AD17: 0 | AE17: 8 | AF17: 8 | AG17: 8 | AH17: =AE17-AG17 -> 0 | AI17: =IF(OR(AE17=0, ISERR(AG17/AE17)), 0, AG17/AE17) -> 1 | AJ17: 1 | AK17: 46035 | AL17: 46038 | AN17: 46036 | AO17: 2026-1-60897 | AP17: R029383 | AQ17: -11,48405237 | AR17: -40,57717265 | AS17: 32720.17 | AU17: =VLOOKUP(I17,DADOS!B:C,2,0) -> 2332 | AV17: =AE17*2480 -> 19840 | AW17: 0.42 | BA17: MCM-01J4 | BB17: N55076 | BG17: =BD17*BF17 -> 0 | BI17: R029383 | BJ17: INTERCALAR POSTE AT COM N1 ENTRE OS PG: R029382 - R029383, ENCABEÇAR RD BT NO PG: R029383 E ENERGIZAR OBRA. | BK17: . | BR17: =VLOOKUP(B17,'Página133'!C:C,1,0) -> #REF!
A18: 9101987092 | B18: B-1116278 | C18: N/A | D18: N/A | E18: ER-CIND-POV-QUEIMADA NOVA-RURAL | F18: MIGUEL CALMON | G18: ENERGIZADA | H18: VISITA CLÉBSON | I18: CLEBSON REIS NETO - MRA148601 | J18: =VLOOKUP(I18,DADOS!B:F,5,0) -> ETEMILSON OLIVEIRA SANTOS - NTS149530 | K18: NAILTON SANTANA PEREIRA FILHO - U344575 | L18: PLANO 7 | M18: LPT | P18: 46006 | Q18: 46010 | R18: 46029 | S18: 2025-162649 | T18: 46054 | U18: N/A | V18: 2026-12671 | W18: 46080 | X18: 2025-162607 | Y18: 46037 | Z18: CONCLUÍDA | AA18: 1045667 | AB18: E932168 AO E932174 | AC18: 1 | AD18: 0 | AE18: 7 | AF18: 7 | AG18: 7 | AH18: =AE18-AG18 -> 0 | AI18: =IF(OR(AE18=0, ISERR(AG18/AE18)), 0, AG18/AE18) -> 1 | AJ18: 0.5 | AK18: 46028 | AL18: 46037 | AN18: 46049 | AO18: 2026-1-105176 | AP18: R034886 | AQ18: -11,384502 | AR18: -40,636313 | AS18: 82608.39 | AU18: =VLOOKUP(I18,DADOS!B:C,2,0) -> 2303 | AV18: =AE18*2480 -> 17360 | AX18: 0.28 | BA18: MCM-01J4 | BB18: J08658 | BG18: =BD18*BF18 -> 0 | BI18: R034886 | BJ18: INTERCALAR POSTE AT COM N1 E TRAFO ENTRE OS PG: R034870 - R034886, FECHAR CHAVE NOVA PRÓBIMO AO PG: R034870 E ENERGIZAR OBRA. | BK18: . | BO18: Trafo 30kva | BR18: =VLOOKUP(B18,'Página133'!C:C,1,0) -> #REF!
A19: 9102020647 | B19: B-1128488 | C19: B-1239943 | D19: B-1240190 | E19: ER-CIND-POV-FAISCA 45-FAISCA | F19: MIGUEL CALMON | G19: ENERGIZADA | H19: VISITA CARLOS | I19: EMERSON DE CARVALHO SILVA - MRA152590 | J19: =VLOOKUP(I19,DADOS!B:F,5,0) -> ETEMILSON OLIVEIRA SANTOS - NTS149530 | K19: NATALICIO MENDES DA SILVA - U107662 | L19: PLANO 14.4.12.1-LPT | M19: LPT OBRAS SIMPLIFICADAS | P19: 46006 | Q19: 46010 | R19: 46029 | S19: 2025-162651 | T19: 46054 | U19: N/A | V19: 2025-163161 | W19: 46054 | X19: N/A | AB19: E836189 AO E836193 | AC19: 1 | AD19: 1 | AE19: 5 | AF19: 5 | AG19: 5 | AH19: =AE19-AG19 -> 0 | AI19: =IF(OR(AE19=0, ISERR(AG19/AE19)), 0, AG19/AE19) -> 1 | AJ19: 1 | AK19: 46028 | AL19: 46031 | AN19: 46043 | AO19: 2026-1-88076 | AP19: D002682 | AQ19: -11,520042 | AR19: -40,620584 | AS19: 43919.58 | AU19: =VLOOKUP(I19,DADOS!B:C,2,0) -> 2332 | AV19: =AE19*2480 -> 12400 | AW19: 0.18 | BA19: MCM-01J4 2#4 | BB19: J19040 | BG19: =BD19*BF19 -> 0 | BI19: D002682 | BJ19: INTERCALAR POSTE AT COM N1 E TRAFO ENTRE OS PG: D002682 - D002681, FECHAR CHAVE NOVA PRÓBIMO AO PG: D002682 E ENERGIZAR OBRA. | BK19: . | BO19: Trafo 10kva (01 CDA) | BR19: =VLOOKUP(B19,'Página133'!C:C,1,0) -> #REF!
A20: 9102039471 | B20: B-1135561 | E20: ER-CIND-POV-TAMANCO-RURAL | F20: MIGUEL CALMON | G20: CANCELADA | H20: OBRA JÁ EXECUTADA | I20: CLEBSON REIS NETO - MRA148601 | J20: =VLOOKUP(I20,DADOS!B:F,5,0) -> ETEMILSON OLIVEIRA SANTOS - NTS149530 | K20: NATALICIO MENDES DA SILVA - U107662 | L20: PLANO 14.4.12.1-LPT | M20: LPT | N20: 46008 | O20: VISITADA PELO ENCARREGADO. | P20: FVP - 17/12/25 | S20: N/A | T20: N/A | U20: N/A | X20: N/A | AC20: 1 | AE20: 3 | AH20: =AE20-AG20 -> 3 | AI20: =IF(OR(AE20=0, ISERR(AG20/AE20)), 0, AG20/AE20) -> 0 | AN20: 46052 | AP20: R037018 | AQ20: -11.308754 | AR20: -40,651573 | AS20: 16183.92 | AU20: =VLOOKUP(I20,DADOS!B:C,2,0) -> 2303 | AV20: =AE20*2480 -> 7440 | BA20: MCM-01J4 | BB20: J08712 | BG20: =BD20*BF20 -> 0 | BI20: R037018 | BJ20: ABRIR CHAVE DO TRAFO: J08712 P/ INTERCALAR POSTE BT EM RD CONVENCIONAL NUA ENTRE OS PG: R037021 - R037018, E ENERGIZAR OBRA. | BK20: . | BR20: =VLOOKUP(B20,'Página133'!C:C,1,0) -> #REF!
A21: 9102149049 | B21: B-1170966 | C21: N/A | D21: N/A | E21: ER-CIND-POV-ASSA PEIXE-RURAL | F21: MIGUEL CALMON | G21: ENERGIZADA | H21: VISITA EMERSON | I21: EMERSON DE CARVALHO SILVA - MRA152590 | J21: =VLOOKUP(I21,DADOS!B:F,5,0) -> ETEMILSON OLIVEIRA SANTOS - NTS149530 | K21: NATALICIO MENDES DA SILVA - U107662 | L21: PLANO 7 | M21: LPT OBRAS SIMPLIFICADAS | P21: 46006 | Q21: 46010 | R21: 46029 | S21: N/A | T21: N/A | U21: N/A | V21: 2025-163118 | W21: 46054 | X21: N/A | AB21: E851878 AO E851880 | AC21: 1 | AD21: 0 | AE21: 3 | AF21: 3 | AG21: 3 | AH21: =AE21-AG21 -> 0 | AI21: =IF(OR(AE21=0, ISERR(AG21/AE21)), 0, AG21/AE21) -> 1 | AJ21: 1 | AK21: 46028 | AL21: 46031 | AN21: 46035 | AO21: 2026-1-57420 | AP21: R031181 | AQ21: -11,4868569 | AR21: -40,5719852 | AS21: 18752.08 | AU21: =VLOOKUP(I21,DADOS!B:C,2,0) -> 2332 | AV21: =AE21*2480 -> 7440 | AW21: 0.22 | BA21: MCM-01J4 | BB21: J04525 | BG21: =BD21*BF21 -> 0 | BI21: R031181 | BJ21: ENCABEÇAR RD BT NO PG: R031181 E ENERGIZAR OBRA. | BK21: . | BR21: =VLOOKUP(B21,'Página133'!C:C,1,0) -> #REF!
A22: 9102147190 | B22: B-1172567 | C22: B-1239999 | D22: B-1240266 | E22: ER-CIND-POV-MOCO-FAISCA | F22: MIGUEL CALMON | G22: ENERGIZADA | H22: VISITA CARLOS - REGULARIZAR MEDIDOR AO TEMPO | I22: GERALDO DA COSTA GOMES - MRA571535 | J22: =VLOOKUP(I22,DADOS!B:F,5,0) -> ETEMILSON OLIVEIRA SANTOS - NTS149530 | K22: NATALICIO MENDES DA SILVA - U107662 | L22: PLANO 14.7.3-LPT - ALTERAR P/ 7 | M22: LPT OBRAS SIMPLIFICADAS | N22: OK | P22: 46006 | Q22: 46010 | R22: 46013 | S22: N/A | T22: N/A | U22: N/A | V22: 2025-163119 | W22: 46054 | X22: N/A | AB22: E836197 AO E836198 | AC22: 1 | AD22: 0 | AE22: 2 | AF22: 2 | AG22: 2 | AH22: =AE22-AG22 -> 0 | AI22: =IF(OR(AE22=0, ISERR(AG22/AE22)), 0, AG22/AE22) -> 1 | AJ22: 1 | AK22: 46030 | AL22: 46034 | AN22: 46035 | AO22: 2026-1-56953 | AP22: D002725 | AQ22: -11,534454 | AR22: -40,616547 | AS22: 15812.03 | AU22: =VLOOKUP(I22,DADOS!B:C,2,0) -> 2302 | AV22: =AE22*2480 -> 4960 | AW22: 0.11 | BA22: MCM-01J4 | BB22: J19043 | BG22: =BD22*BF22 -> 0 | BI22: D002725 | BJ22: ENCABEÇAR RD BT NO PG: D002725 E ENERGIZAR OBRA. | BK22: . | BR22: =VLOOKUP(B22,'Página133'!C:C,1,0) -> #REF!
A23: 9102146204 | B23: B-1173379 | E23: ER-CIND-RUA-VARZEA DOS BOIS-CENTRO | F23: MIGUEL CALMON | G23: RETIRADA DA CARTEIRA | H23: OBRA IRÁ PARA REVISÃO DE PROJETO (02/01/26) PROPRIETÁRIO NÃO AUTORIZOU PASSAGEM DA REDE POR SUA PROPRIEDADE (INVENTÁRIO DE HERANÇA) | I23: GERALDO DA COSTA GOMES - MRA571535 | J23: =VLOOKUP(I23,DADOS!B:F,5,0) -> ETEMILSON OLIVEIRA SANTOS - NTS149530 | K23: NATALICIO MENDES DA SILVA - U107662 | L23: PLANO 14.7.3-LPT | M23: LPT | P23: FVP - 18/12/25 | S23: N/A | T23: N/A | U23: N/A | V23: =X23 | AB23: REUTILIZADO | AC23: 1 | AE23: 11 | AH23: =AE23-AG23 -> 11 | AI23: =IF(OR(AE23=0, ISERR(AG23/AE23)), 0, AG23/AE23) -> 0 | AN23: 46052 | AP23: R033047 | AQ23: -11,463137 | AR23: -40,754921 | AS23: 88011.38 | AU23: =VLOOKUP(I23,DADOS!B:C,2,0) -> 2302 | AV23: =AE23*2480 -> 27280 | BA23: MCM-01J3 | BB23: J08326 | BG23: =BD23*BF23 -> 0 | BI23: R033047 | BJ23: ABRIR CHAVE: J03329 P/ INTERCALAR POSTE BT ENTRE OS PG: R033047 - R033048 E ENERGIZAR OBRA. | BK23: . | BR23: =VLOOKUP(B23,'Página133'!C:C,1,0) -> #REF!
A24: 9102322992 | B24: B-1226602 | C24: N/A | D24: N/A | E24: ER-CIND-FAZ-BAIXAO-URUBU | F24: MIGUEL CALMON | G24: ENERGIZADA | I24: GERALDO DA COSTA GOMES - MRA571535 | J24: =VLOOKUP(I24,DADOS!B:F,5,0) -> ETEMILSON OLIVEIRA SANTOS - NTS149530 | K24: NAILTON SANTANA PEREIRA FILHO - U344575 | L24: PLANO 7 | M24: QLP | P24: 46006 | Q24: 46010 | R24: 46038 | S24: 2025-162653 | T24: 46054 | U24: N/A | V24: =S24 -> 2025-162653 | W24: 46054 | X24: N/A | AB24: E851881 AO E851884 | AC24: 1 | AD24: 0 | AE24: 4 | AF24: 4 | AG24: 4 | AH24: =AE24-AG24 -> 0 | AI24: =IF(OR(AE24=0, ISERR(AG24/AE24)), 0, AG24/AE24) -> 1 | AJ24: 0.5 | AK24: 46028 | AL24: 46034 | AN24: 46051 | AO24: 2026-1-112439 | AP24: E274207 | AQ24: -11,46082675 | AR24: -40,76409563 | AS24: 49838.22 | AU24: =VLOOKUP(I24,DADOS!B:C,2,0) -> 2302 | AV24: =AE24*2480 -> 9920 | AW24: 0.05 | BA24: MCM-01J3 2#4 | BB24: J08313 | BG24: =BD24*BF24 -> 0 | BI24: E274207 | BJ24: ALTERAR ESTRUTURA DE N3-3 NO PG: E274207, FECHAR CHAVE NOVA PRÓBIMO AO PG: E274207 E ENERGIZAR OBRA. | BK24: . | BO24: Trafo e para raio | BR24: =VLOOKUP(B24,'Página133'!C:C,1,0) -> #REF!
A25: 9102350612 | B25: B-1230056 | C25: N/A | D25: N/A | E25: ER-CIND-FAZ-BAIXA DO TANQUE-RURAL | F25: MIGUEL CALMON | G25: ENERGIZADA | H25: RODRIGO | I25: RODRIGO SANTOS SILVA - MRA096553 | J25: =VLOOKUP(I25,DADOS!B:F,5,0) -> ETEMILSON OLIVEIRA SANTOS - NTS149530 | K25: NATALICIO MENDES DA SILVA - U107662 | L25: PLANO 14.4.12.1-LPT - ALTERAR P/ 7 | M25: QLP | P25: 46006 | Q25: 46010 | R25: 46029 | S25: N/A | T25: N/A | U25: N/A | V25: 2026-1088 | W25: 46058 | X25: N/A | AB25: E851885 | AC25: 1 | AD25: 0 | AE25: 1 | AF25: 1 | AG25: 1 | AH25: =AE25-AG25 -> 0 | AI25: =IF(OR(AE25=0, ISERR(AG25/AE25)), 0, AG25/AE25) -> 1 | AJ25: 1 | AK25: 46028 | AL25: 46031 | AN25: 46027 | AO25: 2026-1-24932 | AP25: E496207 | AQ25: -11,434077 | AR25: -40,618728 | AS25: 8226.64 | AU25: =VLOOKUP(I25,DADOS!B:C,2,0) -> 2300 | AV25: =AE25*2480 -> 2480 | AW25: 0.05 | BA25: MCM-01J1 | BB25: N18741 | BG25: =BD25*BF25 -> 0 | BI25: E496207 | BJ25: ENCABEÇAR RD BT NO PG: E496207 E ENERGIZAR OBRA. | BK25: . | BR25: =VLOOKUP(B25,'Página133'!C:C,1,0) -> #REF!
A26: 9102347203 | B26: B-1230363 | C26: N/A | D26: N/A | E26: AC-CIND-POV-OLHOS D AGUA DE CIMA-RURAL | F26: MIGUEL CALMON | G26: ENERGIZADA | I26: RODRIGO SANTOS SILVA - MRA096553 | J26: =VLOOKUP(I26,DADOS!B:F,5,0) -> ETEMILSON OLIVEIRA SANTOS - NTS149530 | K26: NATALICIO MENDES DA SILVA - U107662 | L26: PLANO 7 | M26: QLP | P26: 46006 | Q26: 46010 | R26: 46030 | S26: N/A | T26: N/A | U26: N/A | V26: 2026-2586 | W26: 46060 | X26: N/A | Z26: CANCELADA | AB26: N/A | AC26: 0 | AD26: 0 | AE26: =1+1 -> 2 | AF26: 2 | AG26: 2 | AH26: =AE26-AG26 -> 0 | AI26: =IF(OR(AE26=0, ISERR(AG26/AE26)), 0, AG26/AE26) -> 1 | AJ26: 1 | AK26: 46030 | AL26: 46030 | AN26: 46030 | AO26: 2026-1-39105 | AP26: R037422 | AQ26: -11,295607 | AR26: -40,593445 | AS26: 23487.47 | AU26: =VLOOKUP(I26,DADOS!B:C,2,0) -> 2300 | AV26: =AE26*2480 -> 4960 | AW26: N/A | AX26: N/A | BA26: MCM-01J4 | BB26: J13724 | BG26: =BD26*BF26 -> 0 | BI26: R037422 | BJ26: ABRIR CHAVE DO TRAFO: J13724 PARA RECONDUTORAMENTO BT DO PG: R037422 AO D026733, SUBSTITUIR POSTE: D026733 E ENERGIZAR OBRA. | BK26: . | BR26: =VLOOKUP(B26,'Página133'!C:C,1,0) -> #REF!
A27: 9102346261 | B27: B-1231021 | C27: N/A | D27: N/A | E27: ER-CIND-POV-AGUA BRANCA-RURAL MIGUEL CAL | F27: MIGUEL CALMON | G27: ENERGIZADA | H27: RODRIGO | I27: RODRIGO SANTOS SILVA - MRA096553 | J27: =VLOOKUP(I27,DADOS!B:F,5,0) -> ETEMILSON OLIVEIRA SANTOS - NTS149530 | K27: NATALICIO MENDES DA SILVA - U107662 | L27: PLANO 14.4.12.1-LPT - ALTERAR P/ 7 | M27: QLP | P27: 46007 | Q27: 46010 | R27: 46030 | S27: N/A | T27: N/A | U27: N/A | V27: 2025-163133 | W27: 46054 | X27: N/A | AB27: E852085 AO E852086 | AC27: 1 | AD27: 0 | AE27: 2 | AF27: 2 | AG27: 2 | AH27: =AE27-AG27 -> 0 | AI27: =IF(OR(AE27=0, ISERR(AG27/AE27)), 0, AG27/AE27) -> 1 | AJ27: 1 | AK27: 46029 | AL27: 46031 | AN27: 46027 | AO27: 2026-1-24396 | AP27: E664647 | AQ27: -11,388458 | AR27: -40,592139 | AS27: 16771.79 | AU27: =VLOOKUP(I27,DADOS!B:C,2,0) -> 2300 | AV27: =AE27*2480 -> 4960 | AW27: 0.1 | BA27: MCM-01J4 | BB27: J08636 | BG27: =BD27*BF27 -> 0 | BI27: E664647 | BJ27: ENCABEÇAR RD BT NO PG: E664647 E ENERGIZAR OBRA. | BK27: . | BR27: =VLOOKUP(B27,'Página133'!C:C,1,0) -> #REF!
A28: 9102353856 | B28: B-1234977 | C28: N/A | D28: N/A | E28: ER-CIND-POV-MAXIXE 550-RURAL | F28: MIGUEL CALMON | G28: ENERGIZADA | H28: VISITA GERALDO | I28: GERALDO DA COSTA GOMES - MRA571535 | J28: =VLOOKUP(I28,DADOS!B:F,5,0) -> ETEMILSON OLIVEIRA SANTOS - NTS149530 | K28: NATALICIO MENDES DA SILVA - U107662 | L28: PLANO 7 | M28: QLP | N28: OK | P28: 46007 | Q28: 46010 | R28: 46030 | S28: 2025-163920 | T28: 46054 | U28: N/A | V28: 2025-163163 | W28: 46054 | X28: N/A | AB28: E852087 AO E852089 | AC28: 1 | AD28: 0 | AE28: 3 | AF28: 3 | AG28: 3 | AH28: =AE28-AG28 -> 0 | AI28: =IF(OR(AE28=0, ISERR(AG28/AE28)), 0, AG28/AE28) -> 1 | AJ28: 1 | AK28: 46029 | AL28: 46034 | AN28: 46035 | AO28: 2026-1-56280 | AP28: E039874 | AQ28: -11,505348 | AR28: -40,707382 | AS28: 24262.55 | AU28: =VLOOKUP(I28,DADOS!B:C,2,0) -> 2302 | AV28: =AE28*2480 -> 7440 | BA28: MCM-01J3 2#4 | BB28: V05127 | BG28: =BD28*BF28 -> 0 | BI28: E039874 | BJ28: INTERCALAR 02 POSTES AT COM N1 ENTRE OS PG: E039874 - E039872, ENCABEÇAR RD BT NO PG: E039874 E ENERGIZAR OBRA. | BR28: =VLOOKUP(B28,'Página133'!C:C,1,0) -> #REF!
A29: 9102345143 | B29: B-1228875 | C29: N/A | D29: N/A | E29: ER-SEIN-FAZ-LIBERDADE-AGUA BRANCA | F29: MIGUEL CALMON | G29: ENERGIZADA | H29: MIGRADO DE DEZ/2025 | I29: EMERSON DE CARVALHO SILVA - MRA152590 | J29: =VLOOKUP(I29,DADOS!B:F,5,0) -> ETEMILSON OLIVEIRA SANTOS - NTS149530 | K29: NAILTON SANTANA PEREIRA FILHO - U344575 | L29: PLANO 7 | M29: GOVERNO | N29: 45982 | O29: EXECUTAR CONFORME PROJETO | P29: 45983 | Q29: 45983 | R29: 45994 | S29: 2025-148009 | U29: N/A | V29: 2026-791 | W29: 46059 | X29: N/A | AA29: 1043435 | AB29: E918412 AO E918417 E843621 | AC29: 1 | AD29: 0 | AE29: 7 | AF29: 7 | AG29: =5+1+1 -> 7 | AH29: =AE29-AG29 -> 0 | AI29: =IF(OR(AE29=0, ISERR(AG29/AE29)), 0, AG29/AE29) -> 1 | AJ29: 1 | AK29: 46009 | AL29: 46029 | AN29: 46028 | AO29: 2026-1-31504 | AP29: R039027 | AQ29: -11,334806 | AR29: -40,638019 | AS29: 81669.43 | AU29: =VLOOKUP(I29,DADOS!B:C,2,0) -> 2332 | AV29: =AE29*2480 -> 17360 | AW29: 0.05 | BA29: MCM-01J4 | BB29: J08691 | BG29: =BD29*BF29 -> 0 | BI29: R039027 | BJ29: INTERCALAR POSTE AT COM N1-3 ENTRE OS PG: R039027 - R039026, FECHAR CHAVE NOVA PRÓBIMO AO PG: R039027 E ENERGIZAR OBRA. | BK29: REVISADO APÓS ANÁLISE | BR29: =VLOOKUP(B29,'Página133'!C:C,1,0) -> #REF!
A30: 9101797392 | B30: B-1062246 | C30: N/A | D30: N/A | E30: MP CIND FAZ NOSSA SENHORA DO AMPARO | F30: MIGUEL CALMON | G30: ENERGIZADA | I30: EMERSON DE CARVALHO SILVA - MRA152590 | J30: =VLOOKUP(I30,DADOS!B:F,5,0) -> ETEMILSON OLIVEIRA SANTOS - NTS149530 | K30: NATALICIO MENDES DA SILVA - U107662 | L30: PLANO 7 | M30: LPT | N30: 46008 | O30: EXECUTAR OBRA CONFORME PROJETO | P30: 46008 | Q30: 46010 | R30: 46030 | S30: 2025-162657 | T30: 46054 | U30: N/A | V30: =S30 -> 2025-162657 | W30: 46062 | X30: N/A | Z30: CANCELADA | AA30: 1045713 | AB30: E933006 AO E933016 | AC30: 1 | AD30: 0 | AE30: 11 | AF30: 11 | AG30: 11 | AH30: =AE30-AG30 -> 0 | AI30: =IF(OR(AE30=0, ISERR(AG30/AE30)), 0, AG30/AE30) -> 1 | AJ30: 0.5 | AK30: 46028 | AL30: 46042 | AN30: 46042 | AO30: 2026-1-81678 | AP30: D217323 | AQ30: -11,563462 | AR30: -40,436422 | AS30: 101166.37 | AU30: =VLOOKUP(I30,DADOS!B:C,2,0) -> 2332 | AV30: =AE30*2480 -> 27280 | BA30: MCM-01J2 | BB30: H80970 | BG30: =BD30*BF30 -> 0 | BI30: D217323 | BJ30: SUBSTITUIR POSTE AT 11/400 POR 11/600 NO PG: D217319 E ENERGIZAR OBRA. | BK30: . | BR30: =VLOOKUP(B30,'Página133'!C:C,1,0) -> #REF!
A31: 9102343280 | B31: B-1230765 | C31: N/A | D31: N/A | E31: ER-CIND-POV-SALGADINHO-RURAL | F31: MIGUEL CALMON | G31: ENERGIZADA | H31: MIGRADO DE DEZ/2025 | I31: EMERSON DE CARVALHO SILVA - MRA152590 | J31: =VLOOKUP(I31,DADOS!B:F,5,0) -> ETEMILSON OLIVEIRA SANTOS - NTS149530 | K31: NAILTON SANTANA PEREIRA FILHO - U344575 | L31: PLANO 14.4.12.1-LPT - ALTERAR P/ 7 | M31: INSTITUCIONAL | N31: 45982 | O31: VISITADA PELO ENCARREGADO. APTA. ALTERAR N1-3 PARA B1-N3 CFR DA DV. | P31: 45982 | Q31: 45982 | R31: 45987 | S31: 2025-152045 | U31: N/A | V31: 2026-807 | W31: 46059 | X31: N/A | AA31: 1043412 | AB31: E918426 AO E918436 | AC31: 1 | AD31: 0 | AE31: 11 | AF31: 11 | AG31: 11 | AH31: =AE31-AG31 -> 0 | AI31: =IF(OR(AE31=0, ISERR(AG31/AE31)), 0, AG31/AE31) -> 1 | AJ31: 1 | AK31: 46001 | AL31: 46029 | AN31: 46029 | AO31: 2026-1-36140 | AP31: B865579 | AQ31: -11,511711 | AR31: -40,648622 | AS31: 119490.86 | AU31: =VLOOKUP(I31,DADOS!B:C,2,0) -> 2332 | AV31: =AE31*2480 -> 27280 | AW31: 0.164 | BA31: MCM-01J3 | BB31: G35265 | BG31: =BD31*BF31 -> 0 | BI31: B865579 | BJ31: INTERCALAR POSTE AT COM B1-3 ENTRE OS PG: B865579 - B865578, FECHAR CHAVE NOVA PRÓBIMO AO PG: B865579 E ENERGIZAR OBRA. | BK31: REVISADO APÓS ANÁLISE | BR31: =VLOOKUP(B31,'Página133'!C:C,1,0) -> #REF!
A32: 9101196119 | B32: B-0879015 | E32: MP-CIND-POV LAGOA GRANDE-RURAL-MGC | F32: MIGUEL CALMON | G32: CANCELADA | H32: OBRA JÁ EXECUTADA ATRAVÉS DO PROJETO Y-0982612 - MP - CCOL - POV. LAGOA GRANDE - RURAL - MIGUEL CALMON | I32: GERALDO DA COSTA GOMES - MRA571535 | J32: =VLOOKUP(I32,DADOS!B:F,5,0) -> ETEMILSON OLIVEIRA SANTOS - NTS149530 | L32: PLANO 14.4.12.1-LPT | M32: LPT | P32: FVP - 18/12/25 | U32: N/A | X32: N/A | AA32: 1045715 | AB32: E933027 AO E933035 | AC32: 1 | AE32: 9 | AH32: =AE32-AG32 -> 9 | AI32: =IF(OR(AE32=0, ISERR(AG32/AE32)), 0, AG32/AE32) -> 0 | AN32: 46052 | AP32: R032578 | AQ32: -11,543492 | AR32: -40,649770 | AS32: 33926.81 | AU32: =VLOOKUP(I32,DADOS!B:C,2,0) -> 2302 | AV32: =AE32*2480 -> 22320 | BA32: MCM-01J4 2#4 | BB32: J03832 | BG32: =BD32*BF32 -> 0 | BI32: R032578 | BJ32: MONTAR BANCADA COM N3 NO PG: R032578, FECHAR CHAVE NOVA PRÓBIMO AO PG: R032578 E ENERGIZAR OBRA. | BK32: . | BR32: =VLOOKUP(B32,'Página133'!C:C,1,0) -> #REF!
A33: 9101894486 | B33: B-1087901 | C33: N/A | D33: N/A | E33: LD-CIND-FAZ CASA NOVA-RURAL-MGC | F33: MIGUEL CALMON | G33: ENERGIZADA | H33: MIGRADO DE DEZ/2025 | I33: JAILTON DA SILVA - MRA811574 | J33: =VLOOKUP(I33,DADOS!B:F,5,0) -> ETEMILSON OLIVEIRA SANTOS - NTS149530 | K33: NAILTON SANTANA PEREIRA FILHO - U344575 | L33: PLANO 7 | M33: INSTITUCIONAL | N33: 45982 | O33: EXECUTAR CONFORME PROJETO | P33: 45982 | Q33: 45982 | R33: 45996 | S33: 2025-147993 | U33: N/A | V33: 2026-783 | W33: 46059 | X33: N/A | AA33: 1043423 | AB33: E918346 AO E918355 | AC33: 1 | AD33: 0 | AE33: 10 | AF33: =7+3 -> 10 | AG33: =3+4+3 -> 10 | AH33: =AE33-AG33 -> 0 | AI33: =IF(OR(AE33=0, ISERR(AG33/AE33)), 0, AG33/AE33) -> 1 | AJ33: 1 | AK33: 46007 | AL33: 46029 | AN33: 46029 | AO33: 2026-1-33987 | AP33: B992459 | AQ33: -11,526304 | AR33: -40,681141 | AS33: 120306.09 | AU33: =VLOOKUP(I33,DADOS!B:C,2,0) -> 2301 | AV33: =AE33*2480 -> 24800 | AW33: N/A | AX33: N/A | BA33: MCM-01J4 | BB33: V02869 | BG33: =BD33*BF33 -> 0 | BI33: B992459 | BJ33: MONTAR BANCADA COM N3 NO PG: B992459, FECHAR CHAVE NOVA PRÓBIMO AO PG: B992459 E ENERGIZAR OBRA. | BK33: REVISADO APÓS ANÁLISE | BR33: =VLOOKUP(B33,'Página133'!C:C,1,0) -> #REF!
A34: 9101908075 | B34: B-1090007 | C34: N/A | D34: N/A | E34: MP CIND FAZ NOSSA SENHORA DO A ITAPURA | F34: MIGUEL CALMON | G34: ENERGIZADA | H34: MIGRADO DE DEZ/2025 | I34: LUCIANO NUNES DA SILVA - MRA252517 | J34: =VLOOKUP(I34,DADOS!B:F,5,0) -> GILVANDO RIOS DA CRUZ - NTS025538 | K34: DAIANE ALMEIDA DO NASCIMENTO - U345247 | L34: PLANO 14.7.3-LPT - ALTERAR P/ 7 | M34: LPT | N34: 45982 | O34: VISITADA / EXECUTAR CONFORME PROJETO | P34: 45983 | Q34: 45983 | R34: 45993 | S34: 2025-155152 | U34: N/A | V34: 2026-785 | W34: 46059 | X34: N/A | AA34: 1043428 | AB34: E918367 AO E918380 | AC34: 1 | AD34: 0 | AE34: 13 | AF34: =4+5+3+1 -> 13 | AG34: =3+3+5+1+1 -> 13 | AH34: =AE34-AG34 -> 0 | AI34: =IF(OR(AE34=0, ISERR(AG34/AE34)), 0, AG34/AE34) -> 1 | AJ34: 1 | AK34: 45995 | AL34: 46028 | AN34: 46029 | AO34: 2026-1-34489 | AP34: R035802 | AQ34: -11,545772 | AR34: -40,449900 | AS34: 157860.38 | AU34: =VLOOKUP(I34,DADOS!B:C,2,0) -> 2305 | AV34: =AE34*2480 -> 32240 | AW34: N/A | AX34: N/A | BA34: MCM-01J2 | BB34: W51266 | BG34: =BD34*BF34 -> 0 | BI34: R035802 | BJ34: INTERCALAR POSTE AT COM N1-3 ENTRE OS PG: R035801 R035802, FECHAR CHAVE NOVA PRÓBIMO AO PG: R035802 E ENERGIZAR OBRA. | BK34: REVISADO APÓS ANÁLISE | BR34: =VLOOKUP(B34,'Página133'!C:C,1,0) -> #REF!
A35: 9101924099 | B35: B-1088474 | C35: N/A | D35: N/A | E35: ER-CIND-POV-ALMAS-ITAPURA | F35: MIGUEL CALMON | G35: ENERGIZADA | H35: MIGRADO DE DEZ/2025 | I35: EMERSON DE CARVALHO SILVA - MRA152590 | J35: =VLOOKUP(I35,DADOS!B:F,5,0) -> ETEMILSON OLIVEIRA SANTOS - NTS149530 | K35: DAIANE ALMEIDA DO NASCIMENTO - U345247 | L35: PLANO 14.7.3-LPT - ALTERAR P/ 7 | M35: LPT | N35: 45982 | O35: SERÁ VISITADA PELO ENCARREGADO. | P35: 45983 | Q35: 45983 | R35: 45994 | S35: 2025-148000 | U35: N/A | V35: 2026-787 | W35: 46059 | X35: N/A | AA35: 1043431 | AB35: E918400 AO E918411 | AC35: 1 | AD35: 0 | AE35: 12 | AF35: =11+1 -> 12 | AG35: =3+6+2+1 -> 12 | AH35: =AE35-AG35 -> 0 | AI35: =IF(OR(AE35=0, ISERR(AG35/AE35)), 0, AG35/AE35) -> 1 | AJ35: 1 | AK35: 45996 | AL35: 46000 | AN35: 46028 | AO35: 2026-1-29686 | AP35: R029057 | AQ35: -11,506333 | AR35: -40,565642 | AS35: 66556.54 | AU35: =VLOOKUP(I35,DADOS!B:C,2,0) -> 2332 | AV35: =AE35*2480 -> 29760 | AW35: 0.233 | BA35: MCM-01J4 | BB35: N55076 | BG35: =BD35*BF35 -> 0 | BI35: R029057 | BJ35: INTERCALAR POSTE AT COM N1-3 ENTRE OS PG: R029057 - R029058, FECHAR CHAVE NOVA PRÓBIMO AO PG: R029057 E ENERGIZAR OBRA. | BK35: REVISADO APÓS ANÁLISE | BR35: =VLOOKUP(B35,'Página133'!C:C,1,0) -> #REF!
A36: 9102350583 | B36: B-1229062 | C36: N/A | D36: N/A | E36: ER-CIND-POV-URUBU-RURAL-URUBU | F36: MIGUEL CALMON | G36: ENERGIZADA | H36: MIGRADO DE DEZ/2025 | I36: EMERSON DE CARVALHO SILVA - MRA152590 | J36: =VLOOKUP(I36,DADOS!B:F,5,0) -> ETEMILSON OLIVEIRA SANTOS - NTS149530 | K36: NAILTON SANTANA PEREIRA FILHO - U344575 | L36: PLANO 7 | M36: GOVERNO | N36: 45981 | O36: EXECUTAR CONFORME PROJETO | P36: 45981 | Q36: 45981 | R36: 45996 | S36: 2025-148010 | U36: N/A | V36: 2026-806 | W36: 46059 | X36: N/A | AA36: 1043437 | AB36: E918418 AO E918424 | AC36: 1 | AD36: 0 | AE36: 7 | AF36: 7 | AG36: 7 | AH36: =AE36-AG36 -> 0 | AI36: =IF(OR(AE36=0, ISERR(AG36/AE36)), 0, AG36/AE36) -> 1 | AJ36: 1 | AK36: 46011 | AL36: 46029 | AN36: 46029 | AO36: 2026-1-35065 | AP36: E835332 | AQ36: -11,382943 | AR36: -40,696169 | AS36: 59280.1 | AU36: =VLOOKUP(I36,DADOS!B:C,2,0) -> 2332 | AV36: =AE36*2480 -> 17360 | AW36: 0.33 | BA36: MCM-01J3 | BB36: E30631 | BG36: =BD36*BF36 -> 0 | BI36: E835332 | BJ36: INTERCALAR POSTE AT COM N1 E TRAFO ENTRE OS PG: E835332 - E835331, FECHAR CHAVE NOVA PRÓBIMO AO PG: E835331 E ENERGIZAR OBRA. | BK36: REVISADO APÓS ANÁLISE | BR36: =VLOOKUP(B36,'Página133'!C:C,1,0) -> #REF!
A37: 9102156230 | B37: B-1180371 | C37: B-1195482 | D37: B-1195523 | E37: ER-CIND-FAZ LAGOA DO MILHO-L DO MILHO | F37: MUNDO NOVO | G37: ENERGIZADA | I37: DIOGO CRUZ DOS SANTOS - MRA177595 | J37: =VLOOKUP(I37,DADOS!B:F,5,0) -> GILVANDO RIOS DA CRUZ - NTS025538 | K37: NAILTON SANTANA PEREIRA FILHO - U344575 | L37: PLANO 14.4.12.1-LPT - ALTERAR P/ 7 | M37: LPT | P37: 46008 | Q37: 19/12/25 -RE 07/01/26 | R37: 46037 | S37: N/A | T37: N/A | U37: N/A | V37: 2025-162958 | W37: 46054 | X37: N/A | AB37: E852095 AO E852098 | AC37: 1 | AD37: 0 | AE37: 4 | AF37: 4 | AG37: 4 | AH37: =AE37-AG37 -> 0 | AI37: =IF(OR(AE37=0, ISERR(AG37/AE37)), 0, AG37/AE37) -> 1 | AJ37: 1 | AK37: 46038 | AL37: 46044 | AN37: 46044 | AO37: 2026-1-91935 | AP37: D167782 | AQ37: -11,691714 | AR37: -40,375,323 | AS37: 23600.15 | AU37: =VLOOKUP(I37,DADOS!B:C,2,0) -> 2304 | AV37: =AE37*2480 -> 9920 | BA37: MUN-01N5 | BB37: H74112 | BG37: =BD37*BF37 -> 0 | BI37: D167782 | BJ37: ENCABEÇAR RD BT NO PG: D167782 E ENERGIZAR OBRA. | BK37: . | BO37: Laço de 25mm, conector atr 90, conector cunha | BR37: =VLOOKUP(B37,'Página133'!C:C,1,0) -> #REF!
A38: 9102153957 | B38: B-1182806 | C38: B-1195483 | D38: B-1195524 | E38: ER-CIND-RUA-DA UMBURANAS-RURAL | F38: MUNDO NOVO | G38: ENERGIZADA | I38: DIOGO CRUZ DOS SANTOS - MRA177595 | J38: =VLOOKUP(I38,DADOS!B:F,5,0) -> GILVANDO RIOS DA CRUZ - NTS025538 | K38: NAILTON SANTANA PEREIRA FILHO - U344575 | L38: PLANO 14.4.12.1-LPT - ALTERAR P/ 7 | M38: LPT | P38: 46008 | Q38: 19/12/25- RE 07/01/26 | R38: 46037 | S38: N/A | T38: N/A | U38: N/A | V38: 2025-162969 | W38: 46054 | X38: N/A | AB38: E852099 AO E852100 | AC38: 1 | AD38: 0 | AE38: 2 | AF38: 2 | AG38: 2 | AH38: =AE38-AG38 -> 0 | AI38: =IF(OR(AE38=0, ISERR(AG38/AE38)), 0, AG38/AE38) -> 1 | AJ38: 1 | AK38: 46038 | AL38: 46044 | AN38: 46043 | AO38: 2026-1-85769 | AP38: D006389 | AQ38: -11,671866 | AR38: -40,370860 | AS38: 16386.25 | AU38: =VLOOKUP(I38,DADOS!B:C,2,0) -> 2304 | AV38: =AE38*2480 -> 4960 | BA38: MUN-01N6 | BB38: T20750 | BG38: =BD38*BF38 -> 0 | BI38: D006389 | BJ38: ENCABEÇAR RD BT NO PG: D006389 E ENERGIZAR OBRA. | BK38: . | BR38: =VLOOKUP(B38,'Página133'!C:C,1,0) -> #REF!
A39: 9102157418 | B39: B-1184409 | C39: B-1237727 | D39: B-1237951 | E39: ER-CIND-RUA APOLONIO-CENTRO-JATOBA | F39: PINDOBAÇU | G39: ENERGIZADA | H39: MIGRADO DE DEZ/2025 | I39: CLEBSON REIS NETO - MRA148601 | J39: =VLOOKUP(I39,DADOS!B:F,5,0) -> ETEMILSON OLIVEIRA SANTOS - NTS149530 | K39: ANDERSON ROBERTO DA SILVA CASTRO - U471407 | L39: PLANO 14.4.12.1-LPT | M39: PRIORIDADE PLANO ANEEL | N39: 45985 | O39: EXECUTAR CONFORME PROJETO | P39: 45993 | Q39: 45993 | R39: 45999 | S39: 2025-148043 | U39: N/A | V39: 2026-5105 | W39: 46059 | X39: N/A | AA39: 1043561 | AB39: E919320 AO E919325 E810384 | AC39: 2 | AD39: 2 | AE39: =6+1 -> 7 | AF39: 7 | AG39: 7 | AH39: =AE39-AG39 -> 0 | AI39: =IF(OR(AE39=0, ISERR(AG39/AE39)), 0, AG39/AE39) -> 1 | AJ39: 1 | AK39: 46002 | AL39: 46003 | AN39: 46034 | AO39: 2026-1-53761 | AP39: Q063898 | AQ39: -10,739512 | AR39: -40,470266 | AS39: 47695.29 | AU39: =VLOOKUP(I39,DADOS!B:C,2,0) -> 2303 | AV39: =AE39*2480 -> 17360 | AW39: 0.25 | BA39: PDN-01P1 | BB39: J06557 | BG39: =BD39*BF39 -> 0 | BI39: Q063898 | BJ39: INTERCALAR POSTE AT COM N1-3 ENTRE OS PG: Q063898 - E476199, FECHAR CHAVE NOVA PRÓBIMO AO PG: Q063898 E ENERGIZAR OBRA. | BK39: REVISADO APÓS ANÁLISE | BR39: =VLOOKUP(B39,'Página133'!C:C,1,0) -> #REF!
A40: 9102221283 | B40: B-1199564 | C40: B-1234114 | D40: B-1234119 | E40: ER-CIND-RUA-DO CAJUEIRO-CENTRO | F40: PINDOBAÇU | G40: ENERGIZADA | H40: MIGRADO DE DEZ/2025 | I40: CARLOS DA CRUZ SANTANA - MRA258541 | J40: =VLOOKUP(I40,DADOS!B:F,5,0) -> ETEMILSON OLIVEIRA SANTOS - NTS149530 | K40: ANDERSON ROBERTO DA SILVA CASTRO - U471407 | L40: PLANO 14.4.12.1-LPT | M40: PRIORIDADE PLANO ANEEL | N40: 45988 | O40: OBRA VISITADA PELO AR | P40: 45989 | Q40: 45989 | R40: 45999 | S40: N/A | T40: N/A | U40: N/A | V40: 2026-907 | W40: 46058 | X40: N/A | AB40: E843639 AO E843640 | AC40: =1+1 -> 2 | AD40: 2 | AE40: =1+1 -> 2 | AF40: 2 | AG40: 2 | AH40: =AE40-AG40 -> 0 | AI40: =IF(OR(AE40=0, ISERR(AG40/AE40)), 0, AG40/AE40) -> 1 | AJ40: 1 | AK40: 46001 | AL40: 46001 | AN40: 46028 | AO40: 2026-1-31059 | AP40: Q063861 | AQ40: -10,723835 | AR40: -40,458297 | AS40: 6211.39 | AU40: =VLOOKUP(I40,DADOS!B:C,2,0) -> 2349 | AV40: =AE40*2480 -> 4960 | AW40: 0.06 | BA40: PDN-01P1 | BB40: J06995 | BG40: =BD40*BF40 -> 0 | BI40: Q063861 | BJ40: ENCABEÇAR RD BT NO PG: Q063861 E ENERGIZAR OBRA. | BK40: REVISADO APÓS ANÁLISE | BR40: =VLOOKUP(B40,'Página133'!C:C,1,0) -> #REF!
A41: 9102352572 | B41: B-1229255 | C41: B-1244736 | D41: B-1244978 | E41: ER-CIND-FAZ-VEREDA BONITA 159-RURAL | F41: MUNDO NOVO | G41: ENERGIZADA | I41: DIOGO CRUZ DOS SANTOS - MRA177595 | J41: =VLOOKUP(I41,DADOS!B:F,5,0) -> GILVANDO RIOS DA CRUZ - NTS025538 | K41: NAILTON SANTANA PEREIRA FILHO - U344575 | L41: PLANO 14.4.12.1-LPT - ALTERAR P/ 7 | M41: QLP | P41: 46008 | Q41: 19/12/25 - RE 07/01/26 | R41: 46037 | S41: N/A | T41: N/A | U41: N/A | V41: 2025-162972 | W41: 46054 | X41: N/A | AB41: N/A | AC41: 1 | AD41: 0 | AE41: 0 | AF41: 0 | AG41: 0 | AH41: =AE41-AG41 -> 0 | AI41: =IF(OR(AE41=0, ISERR(AG41/AE41)), 0, AG41/AE41) -> 0 | AJ41: 1 | AK41: 46039 | AL41: 46045 | AN41: 46044 | AO41: 2026-1-90099 | AP41: B418525 | AQ41: -11,82978 | AR41: -40,48045 | AS41: 3309.95 | AU41: =VLOOKUP(I41,DADOS!B:C,2,0) -> 2304 | AV41: =AE41*2480 -> 0 | BA41: MUN-01N6 | BB41: G20453 | BG41: =BD41*BF41 -> 0 | BI41: B418525 | BJ41: ENCABEÇAR RD BT NO PG: B418527 E ENERGIZAR OBRA. | BK41: . | BO41: Laço de 25mm, conector atr 90, conector cunha | BR41: =VLOOKUP(B41,'Página133'!C:C,1,0) -> #REF!
A42: 9102343738 | B42: B-1229753 | C42: N/A | D42: N/A | E42: ER-CIND-RUA-OLIMPIA-UMBUZEIRO | F42: MUNDO NOVO | G42: ENERGIZADA | I42: DIOGO CRUZ DOS SANTOS - MRA177595 | J42: =VLOOKUP(I42,DADOS!B:F,5,0) -> GILVANDO RIOS DA CRUZ - NTS025538 | K42: NAILTON SANTANA PEREIRA FILHO - U344575 | L42: PLANO 14.4.12.1-LPT - ALTERAR P/ 7 | M42: QLP | P42: 46008 | Q42: 19/12/25 - RE 07/01/26 | R42: 46037 | S42: N/A | T42: N/A | U42: N/A | V42: 2025-163000 | W42: 46054 | X42: N/A | AC42: 1 | AD42: 0 | AE42: 5 | AF42: 5 | AG42: 5 | AH42: =AE42-AG42 -> 0 | AI42: =IF(OR(AE42=0, ISERR(AG42/AE42)), 0, AG42/AE42) -> 1 | AJ42: 1 | AK42: 46041 | AL42: 46045 | AN42: 46043 | AO42: 2026-1-87407 | AP42: E233110 | AQ42: -11,674096 | AR42: -40,375720 | AS42: 31752.5 | AU42: =VLOOKUP(I42,DADOS!B:C,2,0) -> 2304 | AV42: =AE42*2480 -> 12400 | BA42: MUN-01N6 | BB42: T21030 | BG42: =BD42*BF42 -> 0 | BI42: E233110 | BJ42: INTERCALAR POSTE BT ENTRE OS PG: E233111 - E233110, ENCABEÇAR RD BT NO PG: E233111 E ENERGIZAR OBRA. | BK42: . | BO42: Laço de 25mm, conector atr 90, conector cunha | BR42: =VLOOKUP(B42,'Página133'!C:C,1,0) -> #REF!
A43: 9102347945 | B43: B-1234158 | C43: B-1245698 | D43: B-1245705 | E43: ER-CIND-FAZ-LAGOA DO MILHO-RURAL | F43: MUNDO NOVO | G43: ENERGIZADA | I43: DIOGO CRUZ DOS SANTOS - MRA177595 | J43: =VLOOKUP(I43,DADOS!B:F,5,0) -> GILVANDO RIOS DA CRUZ - NTS025538 | K43: NAILTON SANTANA PEREIRA FILHO - U344575 | L43: PLANO 14.4.12.1-LPT | M43: JUDICIAL | P43: 46008 | Q43: 46010 | R43: 46037 | S43: N/A | T43: N/A | U43: N/A | V43: 2025-163007 | W43: 46054 | X43: N/A | AA43: 1045675 | AB43: E932257 AO E932263 | AC43: 1 | AD43: 1 | AE43: 7 | AF43: 7 | AG43: 7 | AH43: =AE43-AG43 -> 0 | AI43: =IF(OR(AE43=0, ISERR(AG43/AE43)), 0, AG43/AE43) -> 1 | AJ43: 1 | AK43: 46041 | AL43: 46045 | AN43: 46038 | AO43: 2026-1-67667 | AP43: D167768 | AQ43: -11,685721 | AR43: -40,397273 | AS43: 44964.08 | AU43: =VLOOKUP(I43,DADOS!B:C,2,0) -> 2304 | AV43: =AE43*2480 -> 17360 | BA43: MUN-01N6 | BB43: H74222 | BG43: =BD43*BF43 -> 0 | BI43: D167768 | BJ43: ENCABEÇAR RD BT NO PG: D167768 E ENERGIZAR OBRA. | BK43: . | BR43: =VLOOKUP(B43,'Página133'!C:C,1,0) -> #REF!
A44: 9102356039 | B44: B-1234204 | C44: N/A | D44: N/A | E44: ER-CIND-FAZ-ROCHEDINHO-RURAL-IBIAPORA | F44: MUNDO NOVO | G44: ENERGIZADA | I44: CARLOS DA CRUZ SANTANA - MRA258541 | J44: =VLOOKUP(I44,DADOS!B:F,5,0) -> ETEMILSON OLIVEIRA SANTOS - NTS149530 | K44: NAILTON SANTANA PEREIRA FILHO - U344575 | L44: PLANO 7 | M44: QLP | P44: 46015 | Q44: 46027 | R44: 46031 | S44: 2025-162658 | T44: 46054 | U44: N/A | V44: =S44 -> 2025-162658 | W44: 46054 | X44: N/A | AA44: 1045676 | AB44: E932275 AO E932315 | AC44: 5 | AD44: 0 | AE44: 41 | AF44: 41 | AG44: 41 | AH44: =AE44-AG44 -> 0 | AI44: =IF(OR(AE44=0, ISERR(AG44/AE44)), 0, AG44/AE44) -> 1 | AJ44: 0.5 | AK44: 46029 | AL44: 46052 | AN44: 46048 | AO44: 2026-1-101448 | AP44: D188998 | AQ44: -12,070492 | AR44: -40,774128 | AS44: 433464.77 | AU44: =VLOOKUP(I44,DADOS!B:C,2,0) -> 2349 | AV44: =AE44*2480 -> 101680 | BA44: TPM-01Z1 | BB44: H73670 | BG44: =BD44*BF44 -> 0 | BI44: D188998 | BJ44: INTERCALAR POSTE AT COM N1-3 ENTRE OS PG: D188998 - D188999, FECHAR CHAVE NOVA PRÓBIMO AO PG: D188998 E ENERGIZAR OBRA. | BK44: . | BO44: Para raio, programar LV | BR44: =VLOOKUP(B44,'Página133'!C:C,1,0) -> #REF!
A45: 9101893077 | B45: B-1072445 | C45: B-1141998 | D45: B-1141997 | E45: ER-CIND-FAZ-UMBUZEIRO-RURAL | F45: MUNDO NOVO | G45: RETIRADA DA CARTEIRA | H45: RETIRADA POR FALTA DE ALÇA CABO 4CAA - 07/01/26 | I45: CAIQUE SILVA LIMA - MRA219559 | J45: =VLOOKUP(I45,DADOS!B:F,5,0) -> GILVANDO RIOS DA CRUZ - NTS025538 | K45: NAILTON SANTANA PEREIRA FILHO - U344575 | L45: PLANO 14.7.3-LPT | M45: LPT | N45: 46010 | P45: 46014 | Q45: 46014 | S45: 2025-162772 | T45: 46054 | U45: N/A | V45: 2025-163226 | W45: 46054 | X45: N/A | AA45: 1045716 | AB45: E933036 AO E933044 | AC45: 1 | AD45: ? | AE45: 9 | AH45: =AE45-AG45 -> 9 | AI45: =IF(OR(AE45=0, ISERR(AG45/AE45)), 0, AG45/AE45) -> 0 | AK45: 46041 | AL45: 46045 | AN45: 46052 | AP45: D548038 | AQ45: -11,666902 | AR45: -40,380120 | AS45: 36023.21 | AU45: =VLOOKUP(I45,DADOS!B:C,2,0) -> 2381 | AV45: =AE45*2480 -> 22320 | BA45: MUN-01N6 2#4 | BB45: W65651 | BG45: =BD45*BF45 -> 0 | BI45: D548038 | BJ45: INTERCALAR POSTE AT COM N1-3 ENTRE OS PG: D548039 - D548038, FECHAR CHAVE NOVA PRÓBIMO AO PG: D548038 E ENERGIZAR OBRA. | BK45: . | BR45: =VLOOKUP(B45,'Página133'!C:C,1,0) -> #REF!
A46: 9102152417 | B46: B-1180206 | C46: B-1237721 | D46: B-1237939 | E46: ER-CIND-RUA-DA LUTANDA-LUTANDA | F46: PINDOBAÇU | G46: ENERGIZADA | H46: MIGRADO DE DEZ/2025 | I46: CLEBSON REIS NETO - MRA148601 | J46: =VLOOKUP(I46,DADOS!B:F,5,0) -> ETEMILSON OLIVEIRA SANTOS - NTS149530 | K46: ANDERSON ROBERTO DA SILVA CASTRO - U471407 | L46: PLANO 14.4.12.1-LPT | M46: PRIORIDADE PLANO ANEEL | N46: 45985 | O46: EXECUTAR CONFORME PROJETO | P46: 45993 | Q46: 45993 | R46: 45999 | S46: 2025-154964 | U46: N/A | V46: 2026-811 | W46: 46059 | X46: N/A | AB46: E835990 AO E835993 | AC46: =1+1 -> 2 | AD46: 2 | AE46: =4+1 -> 5 | AF46: 5 | AG46: 5 | AH46: =AE46-AG46 -> 0 | AI46: =IF(OR(AE46=0, ISERR(AG46/AE46)), 0, AG46/AE46) -> 1 | AJ46: 1 | AK46: 46006 | AL46: 46029 | AN46: 46029 | AO46: 2026-1-33780 | AP46: D057604 | AQ46: -10,662670 | AR46: -40,334009 | AS46: 38282.08 | AU46: =VLOOKUP(I46,DADOS!B:C,2,0) -> 2303 | AV46: =AE46*2480 -> 12400 | AW46: 0.185 | BA46: SAU-01L1 | BB46: J55124 | BG46: =BD46*BF46 -> 0 | BI46: D057604 | BJ46: ALTERAR ESTRUTURA DE M3 P/ B4 NO PG: D057604, FECHAR CHAVE NOVA PRÓBIMO AO PG: D057604 E ENERGIZAR OBRA. | BK46: REVISADO APÓS ANÁLISE | BR46: =VLOOKUP(B46,'Página133'!C:C,1,0) -> #REF!
A47: 9102134809 | B47: B-1167385 | C47: B-1195480 | D47: B-1195521 | E47: ER CIND RUA DO CALDEIRAO RURAL | F47: PIRITIBA | G47: ENERGIZADA | I47: CLEBSON REIS NETO - MRA148601 | J47: =VLOOKUP(I47,DADOS!B:F,5,0) -> ETEMILSON OLIVEIRA SANTOS - NTS149530 | K47: RICARDO SANTOS DE BRITO - U465100 | L47: PLANO 14.4.12.1-LPT - ALTERAR P/ 7 | M47: AIC AUDITORIA OBRAS SIMPLIFICADAS | P47: 46009 | Q47: 46010 | R47: 46031 | S47: N/A | T47: N/A | U47: N/A | V47: =X47 -> 2025-162608 | X47: 2025-162608 | Y47: 46038 | Z47: APROVADA | AB47: E852121 AO E852122 | AC47: 1 | AD47: 0 | AE47: 2 | AF47: 2 | AG47: 2 | AH47: =AE47-AG47 -> 0 | AI47: =IF(OR(AE47=0, ISERR(AG47/AE47)), 0, AG47/AE47) -> 1 | AJ47: 1 | AK47: 46038 | AL47: 46038 | AN47: 46038 | AO47: 2026-1-65615 | AP47: L381071 | AQ47: -11,735459 | AR47: -40,587424 | AS47: 11698.25 | AU47: =VLOOKUP(I47,DADOS!B:C,2,0) -> 2303 | AV47: =AE47*2480 -> 4960 | BA47: MUN-01N1 | BB47: T16202 | BG47: =BD47*BF47 -> 0 | BI47: L381071 | BJ47: ABRIR CHAVE TRAFO: T16202 PARA SUBSTITUIR POSTE BT NO PG: L381071, ENCABEÇAR RD BT NO MESMO E ENERGIZAR OBRA. | BK47: . | BR47: =VLOOKUP(B47,'Página133'!C:C,1,0) -> #REF!
A48: 9101937170 | B48: B-1095277 | C48: B-1095287 | D48: B-1095288 | E48: LD CIND PO CIGANA RURAL PRB | F48: PIRITIBA | G48: ENERGIZADA | I48: DOUGLAS DA SILVA MELO - MRA666519 | J48: =VLOOKUP(I48,DADOS!B:F,5,0) -> ETEMILSON OLIVEIRA SANTOS - NTS149530 | K48: RICARDO SANTOS DE BRITO - U465100 | L48: PLANO 14.7.3-LPT - ALTERAR P/ 7 | M48: LPT OBRAS SIMPLIFICADAS | P48: 46009 | Q48: 46010 | R48: 46031 | S48: 2025-162660 | T48: 46054 | U48: N/A | V48: 2025-163168 | W48: 46054 | X48: N/A | AB48: E852123 AO E852125 | AC48: 1 | AD48: 0 | AE48: 3 | AF48: 3 | AG48: 3 | AH48: =AE48-AG48 -> 0 | AI48: =IF(OR(AE48=0, ISERR(AG48/AE48)), 0, AG48/AE48) -> 1 | AJ48: 0.5 | AK48: 46041 | AL48: 46043 | AN48: 46042 | AO48: 2026-1-81515 | AP48: L431049 | AQ48: -11,626658 | AR48: -40,400121 | AS48: 44662.95 | AU48: =VLOOKUP(I48,DADOS!B:C,2,0) -> 2299 | AV48: =AE48*2480 -> 7440 | BA48: MUN-01N1 3#4 | BB48: T14407 | BG48: =BD48*BF48 -> 0 | BI48: L431049 | BJ48: INTERCALAR POSTE AT COM N4-3 ENTRE OS PG: L431050 - L431049, FECHAR CHAVE NOVA PRÓBIMO AO PG: L431049 E ENERGIZAR OBRA. | BK48: . | BR48: =VLOOKUP(B48,'Página133'!C:C,1,0) -> #REF!
A49: 9102349618 | B49: B-1229276 | C49: N/A | D49: N/A | E49: ER-CIND-POV-PORTO FELIZ-RURAL | F49: PIRITIBA | G49: ENERGIZADA | H49: VISITA DOUGLAS | I49: DOUGLAS DA SILVA MELO - MRA666519 | J49: =VLOOKUP(I49,DADOS!B:F,5,0) -> ETEMILSON OLIVEIRA SANTOS - NTS149530 | K49: RICARDO SANTOS DE BRITO - U465100 | L49: PLANO 14.7.3-LPT - ALTERAR P/ 7 | M49: QLP | P49: 46009 | Q49: 46010 | R49: 46031 | S49: N/A | T49: N/A | U49: N/A | V49: 2026-1614 | X49: 2025-162591 | Z49: CANCELADA | AB49: E852130 AO E852133 | AC49: 1 | AD49: 0 | AE49: 4 | AF49: 4 | AG49: 4 | AH49: =AE49-AG49 -> 0 | AI49: =IF(OR(AE49=0, ISERR(AG49/AE49)), 0, AG49/AE49) -> 1 | AJ49: 1 | AK49: 46028 | AL49: 46029 | AN49: 46028 | AO49: 2026-1-30629 | AP49: R214260 | AQ49: -11,748899 | AR49: -40,715592 | AS49: 24053.36 | AU49: =VLOOKUP(I49,DADOS!B:C,2,0) -> 2299 | AV49: =AE49*2480 -> 9920 | BA49: TPM-01Z2 | BB49: J18351 | BG49: =BD49*BF49 -> 0 | BI49: R214260 | BJ49: INTERCALAR POSTE BT ENTRE OS PG: B913924 - R214260 E ENERGIZAR OBRA. | BK49: . | BR49: =VLOOKUP(B49,'Página133'!C:C,1,0) -> #REF!
A50: 9102343342 | B50: B-1231421 | C50: N/A | D50: N/A | E50: ER-CIND-POV-ASSENT PANORAMA-PANORAMA | F50: PIRITIBA | G50: ENERGIZADA | I50: DOUGLAS DA SILVA MELO - MRA666519 | J50: =VLOOKUP(I50,DADOS!B:F,5,0) -> ETEMILSON OLIVEIRA SANTOS - NTS149530 | K50: RICARDO SANTOS DE BRITO - U465100 | L50: PLANO 14.4.12.1-LPT - ALTERAR P/ 7 | M50: QLP | P50: 46009 | Q50: 46010 | R50: 46031 | S50: 2025-162664 | T50: 46054 | U50: N/A | V50: 2025-163172 | W50: 46054 | X50: N/A | AB50: E852134 AO E852137 | AC50: 1 | AD50: 0 | AE50: 4 | AF50: 4 | AG50: 4 | AH50: =AE50-AG50 -> 0 | AI50: =IF(OR(AE50=0, ISERR(AG50/AE50)), 0, AG50/AE50) -> 1 | AJ50: 1 | AK50: 46042 | AL50: 46044 | AN50: 46042 | AO50: 2026-1-82769 | AP50: D022488 | AQ50: -11,772938 | AR50: -40,653779 | AS50: 42614.78 | AU50: =VLOOKUP(I50,DADOS!B:C,2,0) -> 2299 | AV50: =AE50*2480 -> 9920 | BA50: MUN-01N1 2#4 | BB50: J51755 | BG50: =BD50*BF50 -> 0 | BI50: D022488 | BJ50: INTERCALAR POSTE AT COM N1 E TRAFO ENTRE OS PG: D022488 - D022240, FECHAR CHAVE NOVA PRÓBIMO AO PG: D022488 E ENERGIZAR OBRA. | BK50: . | BR50: =VLOOKUP(B50,'Página133'!C:C,1,0) -> #REF!
A51: 9102345793 | B51: B-1231441 | C51: N/A | D51: N/A | E51: ER-CIND-FAZ-VARZEA DA PEDRA-RURAL | F51: PIRITIBA | G51: ENERGIZADA | H51: VISITA CLEBSON | I51: RODRIGO SANTOS SILVA - MRA096553 | J51: =VLOOKUP(I51,DADOS!B:F,5,0) -> ETEMILSON OLIVEIRA SANTOS - NTS149530 | K51: RICARDO SANTOS DE BRITO - U465100 | L51: PLANO 14.4.12.1-LPT - ALTERAR P/ 7 | M51: QLP | P51: 46009 | Q51: 46010 | R51: 46031 | S51: N/A | T51: N/A | U51: N/A | V51: 2025-163135 | W51: 46054 | X51: N/A | AB51: E852138 AO E852140 | AC51: 1 | AD51: 0 | AE51: 3 | AF51: 3 | AG51: 3 | AH51: =AE51-AG51 -> 0 | AI51: =IF(OR(AE51=0, ISERR(AG51/AE51)), 0, AG51/AE51) -> 1 | AJ51: 1 | AK51: 46043 | AL51: 46045 | AN51: 46035 | AO51: 2026-1-56681 | AP51: D063262 | AQ51: -11,709345 | AR51: -40,566268 | AS51: 18520.13 | AU51: =VLOOKUP(I51,DADOS!B:C,2,0) -> 2300 | AV51: =AE51*2480 -> 7440 | BA51: MUN-01N1 | BB51: J54751 | BG51: =BD51*BF51 -> 0 | BI51: D063262 | BJ51: INTERCALAR POSTE BT ENTRE OS PG: D033262 - D063264 E ENERGIZAR OBRA. | BK51: . | BR51: =VLOOKUP(B51,'Página133'!C:C,1,0) -> #REF!
A52: 9102346999 | B52: B-1234733 | C52: N/A | D52: N/A | E52: ER-CIND-FAZ-SITIO 641-RURAL | F52: PIRITIBA | G52: ENERGIZADA | H52: VISITA RODRIGO | I52: RODRIGO SANTOS SILVA - MRA096553 | J52: =VLOOKUP(I52,DADOS!B:F,5,0) -> ETEMILSON OLIVEIRA SANTOS - NTS149530 | K52: RICARDO SANTOS DE BRITO - U465100 | L52: PLANO 14.4.12.1-LPT - ALTERAR P/ 7 | M52: QLP | N52: 46009 | O52: EXECUTAR OBRA CONFORME PROJETO | P52: 46009 | Q52: 46010 | R52: 46031 | S52: N/A | T52: N/A | U52: N/A | V52: 2025-163136 | W52: 46054 | X52: N/A | AA52: 1045678 | AB52: E932333 AO E932339 | AC52: 1 | AD52: 0 | AE52: 7 | AF52: 7 | AG52: 7 | AH52: =AE52-AG52 -> 0 | AI52: =IF(OR(AE52=0, ISERR(AG52/AE52)), 0, AG52/AE52) -> 1 | AJ52: 1 | AK52: 46044 | AL52: 46045 | AN52: 46034 | AO52: 2026-1-53625 | AP52: D276750 | AQ52: -11,717082 | AR52: -40,548143 | AS52: 43410.19 | AU52: =VLOOKUP(I52,DADOS!B:C,2,0) -> 2300 | AV52: =AE52*2480 -> 17360 | BA52: MUN-01N1 | BB52: H76123 | BG52: =BD52*BF52 -> 0 | BI52: D276750 | BJ52: ENCABEÇAR RD BT NO PG: D276750 E ENERGIZAR OBRA. | BK52: . | BR52: =VLOOKUP(B52,'Página133'!C:C,1,0) -> #REF!
A53: 9102356638 | B53: B-1235651 | C53: N/A | D53: N/A | E53: ER-CIND-FAZ-SITIO 268-AREIA BRANCA | F53: PIRITIBA | G53: ENERGIZADA | H53: VISITA RODRIGO | I53: DOUGLAS DA SILVA MELO - MRA666519 | J53: =VLOOKUP(I53,DADOS!B:F,5,0) -> ETEMILSON OLIVEIRA SANTOS - NTS149530 | K53: RICARDO SANTOS DE BRITO - U465100 | L53: PLANO 14.4.12.1-LPT - ALTERAR P/ 7 | M53: QLP | N53: 46009 | O53: EXECUTAR OBRA CONFORME PROJETO | P53: 46009 | Q53: 46010 | R53: 46031 | S53: 2025-162666 | T53: 46054 | U53: N/A | V53: 2025-163182 | W53: 46054 | X53: N/A | AB53: E852126 AO E852129 | AC53: 1 | AD53: 0 | AE53: 4 | AF53: 4 | AG53: 4 | AH53: =AE53-AG53 -> 0 | AI53: =IF(OR(AE53=0, ISERR(AG53/AE53)), 0, AG53/AE53) -> 1 | AJ53: 1 | AK53: 46045 | AL53: 46048 | AN53: 46043 | AO53: 2026-1-86365 | AP53: D517524 | AQ53: -11,705485 | AR53: -40,520696 | AS53: 39303.89 | AU53: =VLOOKUP(I53,DADOS!B:C,2,0) -> 2299 | AV53: =AE53*2480 -> 9920 | BA53: MUN-01N1 2#4 | BB53: W84149 | BG53: =BD53*BF53 -> 0 | BI53: D517524 | BJ53: INTERCALAR POSTE AT COM N1 E TRAFO ENTRE OS PG: D517524 - D517523, FECHAR CHAVE NOVA PRÓBIMO AO PG: D517524 E ENERGIZAR OBRA. | BK53: 2025-163182 | BO53: Trafo 10kva | BR53: =VLOOKUP(B53,'Página133'!C:C,1,0) -> #REF!
A54: 9101713555 | B54: B-1064255 | C54: N/A | D54: N/A | E54: MP CIND FAZ ÁGUA BRANCA RURAL | F54: PIRITIBA | G54: ENERGIZADA | H54: VISITA RODRIGO | I54: DOUGLAS DA SILVA MELO - MRA666519 | J54: =VLOOKUP(I54,DADOS!B:F,5,0) -> ETEMILSON OLIVEIRA SANTOS - NTS149530 | K54: RICARDO SANTOS DE BRITO - U465100 | L54: PLANO 7 | M54: LPT | N54: 46009 | O54: EXECUTAR OBRA CONFORME PROJETO /01 POSTEAT ADICIONAL | P54: 46009 | Q54: 46010 | R54: 46031 | S54: 2025-162674 | T54: 46054 | U54: 2025-162719 | V54: =X54 -> 2025-162741 | W54: 46054 | X54: 2025-162741 | Y54: 46044 | Z54: APROVADA | AA54: 1045814 | AB54: E933276 AO E933289 | AC54: 1 | AD54: 0 | AE54: =14+1 -> 15 | AF54: 15 | AG54: 15 | AH54: =AE54-AG54 -> 0 | AI54: =IF(OR(AE54=0, ISERR(AG54/AE54)), 0, AG54/AE54) -> 1 | AJ54: 0.5 | AK54: 46031 | AL54: 46042 | AN54: 46044 | AO54: 2026-1-89695 | AP54: L431613 | AQ54: -11,675794 | AR54: -40,484063 | AS54: 15777.43 | AU54: =VLOOKUP(I54,DADOS!B:C,2,0) -> 2299 | AV54: =AE54*2480 -> 37200 | BA54: MUN-01N1 3#4 | BB54: H76123 | BG54: =BD54*BF54 -> 0 | BI54: D039264 | BJ54: SUBSTITUIR POSTE AT 11/400 POR 11/1000 C/ B4 N3 NO PG: L431613 E ENERGIZAR OBRA. | BK54: 2025-163184 | BO54: Trafo 10kva, alca de cabo 4, cabo pot | BR54: =VLOOKUP(B54,'Página133'!C:C,1,0) -> #REF!
A55: 9101786137 | B55: B-1053234 | C55: N/A | D55: N/A | E55: MP-CIND-FAZ-ALTAMIRA-RURAL | F55: PIRITIBA | G55: ENERGIZADA | H55: MIGRADO DE DEZ/2025 | I55: DOUGLAS DA SILVA MELO - MRA666519 | J55: =VLOOKUP(I55,DADOS!B:F,5,0) -> ETEMILSON OLIVEIRA SANTOS - NTS149530 | K55: NAILTON SANTANA PEREIRA FILHO - U344575 | L55: PLANO 7 | M55: LPT | N55: 45980 | O55: CLIENTE NÃO VALIDADO LPT. | P55: 45992 | Q55: 45992 | R55: 45996 | S55: 2025-154961 | U55: 2026-2851 | V55: 2026-852 | W55: 46059 | X55: N/A | AA55: 1043441 | AB55: E918452 AO E918466 | AC55: 1 | AD55: 0 | AE55: =15-2 -> 13 | AF55: 13 | AG55: =8+4+1 -> 13 | AH55: =AE55-AG55 -> 0 | AI55: =IF(OR(AE55=0, ISERR(AG55/AE55)), 0, AG55/AE55) -> 1 | AJ55: 1 | AK55: 46007 | AL55: 46029 | AN55: 46031 | AO55: 2026-1-44554 | AP55: D149460 | AQ55: -11,598655 | AR55: -40,615035 | AS55: 151608.49 | AU55: =VLOOKUP(I55,DADOS!B:C,2,0) -> 2299 | AV55: =AE55*2480 -> 32240 | AW55: N/A | AX55: N/A | BA55: MCM-01J4 | BB55: H66952 | BG55: =BD55*BF55 -> 0 | BI55: D149460 | BJ55: ALTERAR ESTRUTURA DE N3 P/ N4 NO PG: D149460, FECHAR CHAVE NOVA PRÓBIMO AO PG: D149460 E ENERGIZAR OBRA. | BK55: REVISADO APÓS ANÁLISE | BR55: =VLOOKUP(B55,'Página133'!C:C,1,0) -> #REF!
A56: 9101775747 | B56: B-1070658 | C56: B-1070659 | D56: B-1070661 | E56: MP CIND POV DE CHAPADA PORTO FELIZ RURAL | F56: PIRITIBA | G56: ENERGIZADA | H56: MIGRADO DE DEZ/2025 | I56: JULIO SERAFIM DAMACENO DOS SANTOS - MRA738523 | J56: =VLOOKUP(I56,DADOS!B:F,5,0) -> ETEMILSON OLIVEIRA SANTOS - NTS149530 | K56: NAILTON SANTANA PEREIRA FILHO - U344575 | L56: PLANO 7 | M56: QLP | N56: 45979 | O56: PROJETADO REVISADO | P56: 45999 | Q56: 45999 | R56: 46002 | S56: 2025-158083 | U56: N/A | V56: 2026-856 | W56: 46059 | X56: 2025-156069 | Y56: 46010 | Z56: CONCLUÍDA | AA56: 1043442 | AB56: E918467 AO E918485 E852155 | AC56: 2 | AD56: 0 | AE56: 20 | AF56: =10+7+3 -> 20 | AG56: =6+2+3+9 -> 20 | AH56: =AE56-AG56 -> 0 | AI56: =IF(OR(AE56=0, ISERR(AG56/AE56)), 0, AG56/AE56) -> 1 | AJ56: 1 | AK56: 45996 | AL56: 46010 | AN56: 46028 | AO56: 2026-1-28842 | AP56: R214271 | AQ56: -11,715452 | AR56: -40,692061 | AS56: 262652.15 | AU56: =VLOOKUP(I56,DADOS!B:C,2,0) -> 2339 | AV56: =AE56*2480 -> 49600 | AX56: 0.134 | BA56: TPM-01Z2 | BB56: J18350 | BC56: J18357 | BD56: 26 | BE56: 2 | BF56: 5 | BG56: =BD56*BF56 -> 130 | BH56: POVOADO DE CHAPADA, AL SAMPAIO | BI56: R214271 | BJ56: ALTERAR ESTRUTURA DE N3 P/ N4 NO PG: R214271, FECHAR CHAVE NOVA PRÓBIMO AO PG: R214271 E ENERGIZAR OBRA. | BK56: REVISADO APÓS ANÁLISE | BR56: =VLOOKUP(B56,'Página133'!C:C,1,0) -> #REF!
A57: 9101806311 | B57: B-1041001 | C57: N/A | D57: N/A | E57: MP-CIND-ROD-EST FEIJ O-PORTO FELIZ RURAL | F57: PIRITIBA | G57: ENERGIZADA | H57: MIGRADO DE DEZ/2025 | I57: DOUGLAS DA SILVA MELO - MRA666519 | J57: =VLOOKUP(I57,DADOS!B:F,5,0) -> ETEMILSON OLIVEIRA SANTOS - NTS149530 | K57: NAILTON SANTANA PEREIRA FILHO - U344575 | L57: PLANO 7 | M57: LPT | N57: 45979 | O57: VISITADA PELO ENCARREGADO, CONFORME PROJETO | P57: 45980 | Q57: 45981 | R57: 45986 | S57: 2025-148023 | U57: 2025-148090 | V57: 2026-1155 | W57: 46058 | X57: N/A | AA57: 1043443 | AB57: E918486 AO E918500 | AC57: 2 | AD57: 0 | AE57: 15 | AF57: 15 | AG57: =10+4+1 -> 15 | AH57: =AE57-AG57 -> 0 | AI57: =IF(OR(AE57=0, ISERR(AG57/AE57)), 0, AG57/AE57) -> 1 | AJ57: 1 | AK57: 45993 | AL57: 45999 | AN57: 46027 | AO57: 2026-1-24641 | AP57: D219943 | AQ57: -11,757734 | AR57: -40,706350 | AS57: 142836.76 | AU57: =VLOOKUP(I57,DADOS!B:C,2,0) -> 2299 | AV57: =AE57*2480 -> 37200 | AW57: N/A | AX57: N/A | BA57: TPM-01Z2 | BB57: J18343 | BG57: =BD57*BF57 -> 0 | BI57: D219943 | BJ57: ALTERAR ESTRUTURA DE B3 P/ B4 NO PG: D219943, FECHAR CHAVE NOVA PRÓBIMO AO PG: D219943 E ENERGIZAR OBRA. | BK57: REVISADO APÓS ANÁLISE | BR57: =VLOOKUP(B57,'Página133'!C:C,1,0) -> #REF!
A58: 9101802317 | B58: B-1057882 | C58: N/A | D58: N/A | E58: MP-CIND-FAZ. LAGOA DO BOI-ANDARAÍ-RURAL | F58: PIRITIBA | G58: ENERGIZADA | H58: MIGRADO DE DEZ/2025 | I58: DOUGLAS DA SILVA MELO - MRA666519 | J58: =VLOOKUP(I58,DADOS!B:F,5,0) -> ETEMILSON OLIVEIRA SANTOS - NTS149530 | K58: NAILTON SANTANA PEREIRA FILHO - U344575 | L58: PLANO 7 | M58: LPT | N58: 45980 | O58: VISITADA PELO ENCARREGADO, CONFORME PROJETO | P58: 45981 | Q58: 45981 | R58: 45986 | S58: 2025-148024 | U58: 2025-148096 | V58: 2026-872 | W58: 46059 | X58: N/A | AA58: 1043449 | AB58: E918501 AO E918514 | AC58: 2 | AD58: 0 | AE58: 14 | AF58: =6+7+1 -> 14 | AG58: =10+2+2 -> 14 | AH58: =AE58-AG58 -> 0 | AI58: =IF(OR(AE58=0, ISERR(AG58/AE58)), 0, AG58/AE58) -> 1 | AJ58: 1 | AK58: 45994 | AL58: 46006 | AN58: 46028 | AO58: 2026-1-28746 | AP58: D304965 | AQ58: -11,696952 | AR58: -40,621247 | AS58: 152492.23 | AU58: =VLOOKUP(I58,DADOS!B:C,2,0) -> 2299 | AV58: =AE58*2480 -> 34720 | AW58: 0.247 | BA58: MUN-01N1 | BB58: W02071 | BG58: =BD58*BF58 -> 0 | BI58: D304965 | BJ58: MONTAR BANCADA COM N3 NO PG: D304965, FECHAR CHAVE NOVA PRÓBIMO AO PG: D304965 E ENERGIZAR OBRA. | BK58: REVISADO APÓS ANÁLISE | BR58: =VLOOKUP(B58,'Página133'!C:C,1,0) -> #REF!
A59: 9102171004 | B59: B-1186119 | C59: B-1237728 | D59: B-1237952 | E59: ER-CIND-FAZ-CACADOR 3336-A-RURAL | F59: PONTO NOVO | G59: ENERGIZADA | H59: MIGRADO DE DEZ/2025 | I59: CAIQUE SILVA LIMA - MRA219559 | J59: =VLOOKUP(I59,DADOS!B:F,5,0) -> GILVANDO RIOS DA CRUZ - NTS025538 | K59: RAFAEL SANTOS DA CRUZ - U469504 | L59: PLANO 14.4.12.1-LPT | M59: PRIORIDADE PLANO ANEEL | N59: 45985 | O59: EXECUTAR CONFORME PROJETO | P59: 45986 | Q59: 45986 | R59: 45989 | S59: 2025-155491 | U59: N/A | V59: 2026-873 | W59: 46059 | X59: N/A | AB59: E852067 AO E852068 | AC59: 1 | AD59: 1 | AE59: 2 | AF59: 2 | AG59: 2 | AH59: =AE59-AG59 -> 0 | AI59: =IF(OR(AE59=0, ISERR(AG59/AE59)), 0, AG59/AE59) -> 1 | AJ59: 1 | AK59: 46002 | AL59: 46031 | AN59: 46032 | AO59: 2026-1-47687 | AP59: B557739 | AQ59: -11,045720 | AR59: -40,054375 | AS59: 22951.51 | AU59: =VLOOKUP(I59,DADOS!B:C,2,0) -> 2381 | AV59: =AE59*2480 -> 4960 | AW59: 0.06 | BA59: PON-01B4 | BB59: N86318 | BG59: =BD59*BF59 -> 0 | BI59: B557739 | BJ59: INTERCALAR POSTE AT COM N1 E TRAFO ENTRE OS PG: B557739 - B557740, FECHAR CHAVE NOVA PRÓBIMO AO PG: B557740 E ENERGIZAR OBRA. | BK59: REVISADO APÓS ANÁLISE | BR59: =VLOOKUP(B59,'Página133'!C:C,1,0) -> #REF!
A60: 9102237025 | B60: B-1196565 | C60: N/A | D60: N/A | E60: ER-CIND-FAZ-LARANJEIRA 363-RURAL | F60: PONTO NOVO | G60: ENERGIZADA | H60: MIGRADO DE DEZ/2025 | I60: CAIQUE SILVA LIMA - MRA219559 | J60: =VLOOKUP(I60,DADOS!B:F,5,0) -> GILVANDO RIOS DA CRUZ - NTS025538 | K60: RAFAEL SANTOS DA CRUZ - U469504 | L60: PLANO 7 | M60: PRIORIDADE PLANO ANEEL | N60: 45985 | O60: EXECUTAR CONFORME PROJETO | P60: 45986 | Q60: 45986 | R60: 45989 | S60: 2025-147940 | U60: N/A | V60: 2026-874 | W60: 46059 | X60: N/A | AC60: 1 | AD60: 0 | AE60: 4 | AF60: 4 | AG60: 4 | AH60: =AE60-AG60 -> 0 | AI60: =IF(OR(AE60=0, ISERR(AG60/AE60)), 0, AG60/AE60) -> 1 | AJ60: 1 | AK60: 46001 | AL60: 46001 | AN60: 46028 | AO60: 2026-1-28905 | AP60: E666921 | AQ60: -10,879763 | AR60: -40,172322 | AS60: 32883.27 | AU60: =VLOOKUP(I60,DADOS!B:C,2,0) -> 2381 | AV60: =AE60*2480 -> 9920 | AW60: 0.18 | BA60: PON-01B1 | BB60: D05303 | BG60: =BD60*BF60 -> 0 | BI60: E666921 | BJ60: INTERCALAR POSTE AT COM N1 E TRAFO ENTRE OS PG: E666921 - E666922, FECHAR CHAVE NOVA PRÓBIMO AO PG: E666921 E ENERGIZAR OBRA. | BK60: REVISADO APÓS ANÁLISE | BR60: =VLOOKUP(B60,'Página133'!C:C,1,0) -> #REF!
A61: 9102224350 | B61: B-1199288 | C61: B-1233981 | D61: B-1234117 | E61: ER-CIND-FAZ DEUS DARA 2-RURAL BARRACAS | F61: PONTO NOVO | G61: ENERGIZADA | H61: MIGRADO DE DEZ/2025 | I61: CAIQUE SILVA LIMA - MRA219559 | J61: =VLOOKUP(I61,DADOS!B:F,5,0) -> GILVANDO RIOS DA CRUZ - NTS025538 | K61: RAFAEL SANTOS DA CRUZ - U469504 | L61: PLANO 7 | M61: PRIORIDADE PLANO ANEEL | N61: 45983 | O61: EXECUTAR CONFORME PROJETO | P61: 45983 | Q61: 45986 | R61: 45989 | S61: 2025-147942 | U61: N/A | V61: 2026-876 | W61: 46059 | X61: N/A | AB61: E852073 AO E852076 | AC61: 1 | AD61: 0 | AE61: 4 | AF61: 4 | AG61: 4 | AH61: =AE61-AG61 -> 0 | AI61: =IF(OR(AE61=0, ISERR(AG61/AE61)), 0, AG61/AE61) -> 1 | AJ61: 1 | AK61: 46027 | AL61: 46028 | AN61: 46032 | AO61: 2026-1-47869 | AP61: R015828 | AQ61: -11,104403 | AR61: -40,052953 | AS61: 34657.91 | AU61: =VLOOKUP(I61,DADOS!B:C,2,0) -> 2381 | AV61: =AE61*2480 -> 9920 | AW61: 0.15 | BA61: PON-01B4 | BB61: J04815 | BG61: =BD61*BF61 -> 0 | BI61: R015828 | BJ61: INTERCALAR POSTE AT COM N1 E TRAFO ENTRE OS PG: R015828 - R015829, FECHAR CHAVE NOVA PRÓBIMO AO PG: R015829 E ENERGIZAR OBRA. | BK61: REVISADO APÓS ANÁLISE | BR61: =VLOOKUP(B61,'Página133'!C:C,1,0) -> #REF!
